Bag_Type,Date,Material_Style,Price,Currency
Kelly 25,1/2/24,Togo Retourne,8600,EUR
Kelly 25,1/2/24,Epsom Sellier,9500,EUR
Kelly 25,1/2/24,Swift,9000,EUR
Kelly 25,1/2/24,Mysore Chèvre Sellier,9600,EUR
Kelly 25,1/2/24,Shiny Crocodile Sellier,42400,EUR
Kelly 25,3/20/24,Togo Retourne,8600,EUR
Kelly 25,9/30/24,Chevre/Epsom/Tadelakt Casaque Étoilée,11500,EUR
Kelly 25,10/21/24,Togo Touch Lizard,120000,RMB
Kelly 25,10/21/24,Epsom Sellier Touch Croc,150000,RMB
Kelly 25,10/21/24,Epsom Sellier tri-color,94800,RMB
Kelly 25,11/12/24,Chevre Chamkila Sellier,9600,EUR
Kelly 25,12/3/24,Casaque Etoilee,125000,RMB
Kelly 28,1/2/24,Epsom Sellier,10300,EUR
Kelly 28,1/2/24,Togo Retourne,9600,EUR
Kelly 28,2/16/24,Epsom Sellier,12500,USD
Kelly 28,2/17/24,Togo Retourne,9600,EUR
Kelly 28,2/25/24,Box Sellier,12750,EUR
Kelly 28,4/13/24,Clemence Retourne,9100,EUR
Kelly 28,4/19/24,Epsom Sellier,9500,EUR
Kelly 28,7/18/24,Touch Veau Madame/Niloticus Croc Sellier,14900,EUR
Kelly 28,8/8/24,Box Sellier,17200,USD
Kelly 28,8/17/24,Togo Retourne,9070,GBP
Kelly 28,8/20/24,Veau Madame Sellier,13600,USD
Kelly 28,11/11/24,Togo Retourne,12000,USD
Kelly 28,12/11/24,Box Sellier,13100,EUR
Kelly 28,12/16/24,Barenia Faubourg,9700,EUR
Kelly 32,1/2/24,Epsom Sellier,10700,EUR
Kelly 35,7/10/24,Picnic Swift,17400,EUR
Birkin 20,12/6/24,Chamkila Sellier (Limited Edition Bouclerie Moderne),24100,USD
Birkin 25,1/2/24,Togo,8600,EUR
Birkin 25,1/2/24,Epsom Sellier,9000,EUR
Birkin 25,1/2/24,Ostrich,16700,EUR
Birkin 25,1/2/24,Matte Alligator,42100,EUR
Birkin 25,1/5/24,Togo,11400,USD
Birkin 25,1/5/24,Touch Matte Alligator/Togo,22500,USD
Birkin 25,1/6/24,Barenia,15400,USD
Birkin 25,1/7/24,Togo,17000,SGD
Birkin 25,1/18/24,Togo,13500,CAD
Birkin 25,1/18/24,Porosus Sellier,42100,EUR
Birkin 25,2/7/24,Swift,12000,USD
Birkin 25,2/13/24,Cargo Canvas and Swift,17800,USD
Birkin 25,2/17/24,Sellier Crocodile Porosus Lisse,42100,EUR
Birkin 25,2/24/24,Box Sellier,16500,USD
Birkin 25,3/5/24,Sellier Aizome Porosus Crocodile,64400,USD
Birkin 25,4/8/24,Swift,9000,EUR
Birkin 25,4/15/24,Barenia Faubourg,9380,GBP
Birkin 25,4/29/24,Epsom Sellier,446800,THB
Birkin 25,5/5/24,Picnic Swift / Osier Wicker,36000,SGD
Birkin 25,5/10/24,Ostrich,22200,USD
Birkin 25,5/21/24,Retourne Matte Porosus,55000,USD
Birkin 25,5/22/24,Picnic Swift / Osier Wicker,24200,USD
Birkin 25,6/12/24,Barenia Faubourg,12500,USD
Birkin 25,6/19/24,Togo,11400,USD
Birkin 25,7/31/24,Chevre,9000,EUR
Birkin 25,8/12/24,Chèvre Mysore,9000,EUR
Birkin 25,8/28/24,Côte à Côte Tuffetage Swift,11800,EUR
Birkin 25,9/26/24,Box Sellier,12900,EUR
Birkin 25,9/27/24,Barenia Faubourg,9400,EUR
Birkin 25,10/6/24,In Go Team Ebene/Dk Choc Swift/Agneau Milo,15300,EUR
Birkin 25,10/21/24,Go Team Indigo Felt,170000,RMB
Birkin 25,10/21/24,Swift Quadrille Canvas,96800,RMB
Birkin 25,11/16/24,Barenia smooth,11600,EUR
Birkin 25,11/25/24,Epsom Sellier,12000,USD
Birkin 25,12/20/24,Birkin 25 Picnic swift leather,24200,USD
Birkin 30,1/2/24,Togo,9400,EUR
Birkin 30,1/2/24,Epsom,9250,EUR
Birkin 30,1/2/24,Barenia Faubourg,10400,EUR
Birkin 30,1/13/24,Swift/Toile,9400,EUR
Birkin 30,1/18/24,Togo,10000,CHF
Birkin 30,3/21/24,Epsom,12300,USD
Birkin 30,3/28/24,Grizzly/Swift,11300,EUR
Birkin 30,4/9/24,Togo,12500,USD
Birkin 30,7/24/24,Tadelakt,13600,USD
Birkin 30,7/30/24,Alligator Matte Sellier,58800,USD
Birkin 30,8/5/24,Ostrich,19200,EUR
Birkin 30,8/6/24,Chevre,9800,EUR
Birkin 30,8/30/24,Swift/maxi bivouac toile,12500,USD
Birkin 30,12/26/24,Togo,20110,AUD
Birkin 35,1/2/24,Togo,10200,EUR
Birkin 35,1/27/24,Togo,110800,HKD
Birkin 35,11/29/24,Togo,13600,USD
HAC 40,12/6/24,Togo,16300,USD
Constance 18,1/2/24,Epsom,6950,EUR
Constance 18,1/2/24,Ombre Lizard,17700,EUR
Constance 18,1/2/24,Swift Mirror,7550,EUR
Constance 18,1/2/24,Mysore Chèvre,8000,EUR
Constance 18,1/2/24,Studded,21800,EUR
Constance 18,1/2/24,Matte Gator Mirror,27000,EUR
Constance 18,1/2/24,Epsom,6930,GBP
Constance 18,1/18/24,Epsom,10900,CAD
Constance 18,3/14/24,Matte Gator Mirror,36100,USD
Constance 18,3/16/24,Lizard,15600,EUR
Constance 18,3/16/24,Epsom with tri-color exotic H (Alligator & Lizard),7750,EUR
Constance 18,3/21/24,Box Clouté (Studded),233680,HKD
Constance 18,3/23/24,Smooth Barenia,498800,THB
Constance 18,3/30/24,Box calf mirror,12700,USD
Constance 18,4/30/24,Swift,7550,EUR
Constance 18,5/24/24,Chevre Mirror,415700,THB
Constance 18,6/12/24,Epsom Mirror,9250,USD
Constance 18,6/28/24,Chèvre Chamkila Mirror,10300,USD
Constance 18,10/1/24,Ostrich Mirror,14200,EUR
Constance 18,10/7/24,Epsom Mirror with tri-color exotic H Buckle (Alligator & Lizard),196000,CZK
Constance 18,10/25/24,Chevre Chamkilight,17900,SGD
Constance 18,12/2/24,Evercolor Mirror Verso,91900,SEK
Constance 24,1/17/24,Epsom,10800,USD
Constance 24,4/5/24,Epsom,12700,CAD
Constance 24,4/19/24,Epsom,8100,EUR
Constance 24,5/11/24,Box,11170,GBP
Constance 24,6/1/24,Box,14900,USD
Constance 24,10/4/24,Epsom,8100,EUR
Lindy 19,1/2/24,Clemence,5500,EUR
Lindy 19,1/2/24,Clemence,7300,USD
Lindy 19,1/2/24,Clemence,10900,SGD
Lindy 19,1/5/24,Clemence,11640,AUD
Lindy 19,1/6/24,Clemence,27795,AED
Lindy 19,1/8/24,Verso Swift,29705,AED
Lindy 19,1/8/24,Clemence,285800,THB
Lindy 19,1/8/24,Clemence,10090000,KRW
Lindy 19,1/8/24,Clemence,914000,JPY
Lindy 19,1/17/24,Clemence,5490,GBP
Lindy 19,1/17/24,Swift,7750,USD
Lindy 19,1/18/24,Clemence,8650,CAD
Lindy 19,1/19/24,Clemence,5500,EUR
Lindy 19,2/27/24,Swift,12380,AUD
Lindy 19,4/8/24,Verso Swift,304000,THB
Lindy 19,5/11/24,Clemence,7300,USD
Lindy 19,6/7/24,Clemence,10900,SGD
Lindy 19,10/8/24,Clemence,139000,CZK
Lindy 26,1/2/24,Clemence,8700,USD
Lindy 26,1/3/24,Clemence,6550,EUR
Lindy 26,1/3/24,Clemence,34065,AED
Lindy 26,1/3/24,Clemence,340400,THB
Lindy 26,1/6/24,Clemence,7200,CHF
Lindy 26,1/6/24,Clemence,13000,SGD
Lindy 26,1/8/24,Clemence,6540,GBP
Lindy 26,1/17/24,Clemence,73300,MOP
Lindy 26,1/17/24,Evercolor,14285,AUD
Lindy 26,1/18/24,Clemence,10300,CAD
Lindy 26,2/22/24,Clemence,13860,AUD
Lindy 26,5/29/24,Evercolor,350700,THB
Lindy 26,7/17/24,Barenia Faubourg,66800,HKD
Lindy 30,1/5/24,Clemence,15235,AUD
Lindy 30,5/29/24,Clemence,374100,THB
Lindy 30,8/13/24,Clemence,11300,CAD
Evelyne 16,1/2/24,Clemence,9625,SAR
Evelyne 16,1/2/24,Clemence,1660,EUR
Evelyne 16,1/4/24,Clemence,2600,CAD
Evelyne 16,1/5/24,Clemence,3500,SGD
Evelyne 16,1/8/24,Clemence,82500,THB
Evelyne 16,1/8/24,Clemence,3050000,KRW
Evelyne 16,1/8/24,Clemence,3100,CHF
Evelyne 16,1/9/24,Clemence,2200,USD
Evelyne 16,1/17/24,Clemence Wooly strap,1760,EUR
Evelyne 16,1/17/24,Taurillon Maurice,1700,EUR
Evelyne 16,1/17/24,Clemence,9145,AED
Evelyne 16,1/19/24,Clemence,1660,GBP
Evelyne 16,2/3/24,Clemence,10400,MYR
Evelyne 16,3/11/24,Clemence,130000,PHP
Evelyne 16,4/3/24,Barenia Faubourg,2325,USD
Evelyne 16,4/17/24,Neo Officier Canvas and Swift,3100,USD
Evelyne 16,4/19/24,Neo Officier Canvas and Swift,2340,EUR
Evelyne 16,6/20/24,Amazone Grizzly (Suede),2625,USD
Evelyne 29,1/1/24,Clemence,5700,SGD
Evelyne 29,1/3/24,Clemence,2900,EUR
Evelyne 29,1/4/24,Clemence,3850,USD
Evelyne 29,1/3/24,Clemence,144000,THB
Evelyne 29,1/6/24,Clemence,3100,CHF
Evelyne 29,1/8/24,Clemence,5320000,KRW
Evelyne 29,1/18/24,Clemence,4550,CAD
Evelyne 29,1/19/24,Clemence,31500,HKD
Evelyne 29,4/15/24,Barenia Faubourg,3925,USD
Evelyne 29,6/24/24,Neo Officier Canvas and Swift,3650,EUR
Evelyne 33,1/8/24,Clemence,3200,EUR
Kelly 7.5,1/1/24,Epsom,14200,SGD
Kelly 7.5,1/2/24,Ostrich,13500,EUR
Kelly 7.5,1/2/24,Matte Alligator,27900,EUR
Kelly 7.5,1/2/24,Epsom,7150,EUR
Kelly 7.5,1/2/24,Mysore Chèvre,7700,EUR
Kelly 7.5,1/2/24,Lizard,16200,EUR
Kelly 7.5,1/2/24,Epsom Lizard Touch,8200,EUR
Kelly 7.5,1/5/24,Epsom,14200,SGD
Kelly 7.5,1/11/24,Box,9850,EUR
Kelly 7.5,1/12/24,Epsom,9400,USD
Kelly 7.5,1/18/24,Box Clouté (Studded),19600,EUR
Kelly 7.5,2/4/24,Madame and Lizard Touch,8200,EUR
Kelly 7.5,2/4/24,Croc Touch,11100,EUR
Kelly 7.5,2/19/24,Box Clouté (Studded),25800,USD
Kelly 7.5,3/16/24,Epsom,7150,EUR
Kelly 7.5,3/27/24,Satine Boreal Alligator,49600,USD
Kelly 7.5,4/28/24,Epsom,9400,USD
Kelly 7.5,5/6/24,Lizard,21300,USD
Kelly 7.5,7/8/24,Madame and Lizard Touch,10800,USD
Kelly 7.5,7/19/24,Epsom,6680,GBP
Kelly 7.5,7/8/24,Epsom,7150,EUR
Kelly 7.5,7/25/24,Epsom,7150,EUR
Kelly 7.5,8/5/24,Chamkila,7670,GBP
Kelly 7.5,8/5/24,Picnic Swift/Wicker,13500,EUR
Kelly 7.5,8/28/24,Chèvre,10100,USD
Kelly 7.5,9/6/24,Chèvre,10100,USD
Kelly 7.5,10/4/24,Ostrich,17500,USD
Kelly 7.5,10/6/24,Box Cheval de Bois,14500,EUR
Kelly 7.5,10/6/24,Teddy Plush Shearling Chamois/Ecru/Alezan,14500,EUR
Kelly 7.5,10/23/24,Chèvre,15200,SGD
Kelly 7.5,11/8/24,Mysore Chèvre SO,10100,USD
Kelly 7.5,11/25/24,Tadelakt Cheval De Bois,19100,USD
Kelly 7.5,12/1/24,Matte Alligator,36700,USD
Kelly 7.5,12/6/24,Barenia Alligator Missi,49600,USD
Kelly 7.5,12/10/24,Epsom,11000,CAD
Kelly 25,1/2/23,Epsom Sellier,8650,EUR
Kelly 25,1/2/23,Togo Retourné,8050,EUR
Kelly 25,1/6/23,Box Sellier,23200,SGD
Kelly 25,1/10/23,Swift (in and out),10600,EUR
Kelly 25,1/29/23,Quadrille Toile/Swift ,12870,USD
Kelly 25,2/17/23,Epsom Sellier,17000,SGD
Kelly 25,3/14/23,Epsom Sellier ,11300,USD
Kelly 25,3/16/23,Epsom Sellier Touch Alligator,14300,EUR
Kelly 25,3/25/23,Togo Retourné ,10500,USD
Kelly 25,3/28/23,Chevre Sellier ,11400,USD
Kelly 25,4/2/23,Epsom Sellier,441350,THB
Kelly 25,4/4/23,Togo Retourné,1452000,JPY
Kelly 25,4/21/23,Lisse Alligator Mississipiensis Sellier,69900,SGD
Kelly 25,5/22/23,Veau Madame Touch Crocodile Sellier ,20270,USD
Kelly 25,5/27/23,Epsom Sellier ,11800,CAD
Kelly 25,6/9/23,Togo Retourne Touch ,13100,USD
Kelly 25,6/26/23,Togo Retourne ,15900,SGD
Kelly 25,6/28/23,Swift,8400,EUR
Kelly 25,7/27/23,Sellier Crocodile Nilo,35300,EUR
Kelly 25,7/28/23,Epsom Sellier,8650,EUR
Kelly 25,7/29/23,Chèvre Sellier,9250,EUR
Kelly 25,8/8/23,Matte Alligator Retourne,34800,EUR
Kelly 25,8/30/23,Sellier Chèvre Chamkila ,12000,USD
Kelly 25,8/31/23,Togo Retourne,8050,EUR
Kelly 25,9/7/23,Togo Retourne ,11000,CAD
Kelly 25,9/9/23,Matte Alligator Retourne,35300,EUR
Kelly 25,11/14/23,Sellier Veau Madame ,12000,USD
Kelly 25,11/11/23,Sellier Fauve Barenia,11800,EUR
Kelly 25,9/9/23,Box Sellier Midas,119000,EUR
Kelly 25,1/24/23,Swift Padded,11100,EUR
Kelly 28,1/2/23,Epsom Sellier,9100,EUR
Kelly 28,1/7/23,Togo Retourné,8650,EUR
Kelly 28,1/10/23,Togo Retourné ,10600,USD
Kelly 28,2/3/23,Epsom Sellier ,11200,USD
Kelly 28,2/11/23,Togo Retourné ,11300,USD
Kelly 28,2/12/23,Kelly 28 Himalayan Blanc ,65892,USD
Kelly 28,4/3/23,Togo Retourné ,11300,USD
Kelly 28,4/3/23,Epsom Sellier ,11800,USD
Kelly 28,4/30/23,Matte Alligator Retourne ,43400,USD
Kelly 28,5/4/23,Togo Retourne,8000,EUR
Kelly 28,5/17/23,Clemence Retourne ,11300,USD
Kelly 28,7/13/23,Epsom Sellier,9100,EUR
Kelly 28,8/31/23,Togo Retourne,8650,EUR
Kelly 28,8/22/23,Veau Madame,9900,EUR
Kelly 28,8/30/23,Togo Retourne,11800,CAD
Kelly 28,8/30/23,Epsom Sellier,12400,CAD
Kelly 28,11/4/23,Box Calf Sellier ,16400,USD
Kelly 32,1/2/23,Epsom Sellier,9850,EUR
Kelly 32,1/7/23,Togo Retourné,9200,EUR
Kelly 32,3/29/23,Clemence Taurillon Retourne ,12000,USD
Kelly 32,9/2/23,Barenia Faubourg Retourne,10300,EUR
Kelly 35,4/5/23,Togo Retourné,9200,EUR
Kelly 35,4/14/23,Togo Retourné,9850,EUR
Kelly 35,9/2/23,Epsom Sellier,9850,EUR
Kelly 35,10/16/23,Teddy Shearling Limited Edition,17900,EUR
Kelly 35,1/2/23,Epsom Sellier,6700,EUR
Kelly 35,1/2/23,Box Sellier,9250,EUR
Kelly 35,1/7/23,Chèvre,7500,EUR
Kelly 35,1/7/23,Lizard Ombre,16000,EUR
Kelly 35,1/7/23,Lisse Alligator,26200,EUR
Kelly 35,1/10/23,Matte Alligator,28800,EUR
Kelly 35,1/12/23,Epsom,13200,SGD
Kelly 35,1/12/23,Chevre,14300,SGD
Kelly 35,2/7/23,Matte Alligator Mississippiensis ,27300,CAD
Kelly 35,2/9/23,Epsom ,8700,USD
Kelly 35,2/11/23,Lizard ,18000,USD
Kelly 35,3/22/23,Ostrich ,16400,USD
Kelly 35,3/25/23,Ostrich ,15500,USD
Kelly 35,3/29/23,Matte Alligator Mississippiensis ,31500,USD
Kelly 35,3/29/23,Matte Alligator Mississippiensis,51600,SGD
Kelly 35,4/3/23,Chevre ,9450,USD
Kelly 35,4/25/23,Box ,12000,USD
Kelly 35,5/2/23,Chèvre,7250,EUR
Kelly 35,7/28/23,Epsom ,9150,CAD
Kelly 35,8/8/23,Matte Alligator,26200,EUR
Kelly 35,8/31/23,Ostrich,11800,EUR
Kelly 35,10/14/23,Epsom (2 straps) ,9800,USD
Kelly 35,11/2/23,Lisse croc with diamonds ,132400,USD
Kelly 35,11/27/23,Lizard,13800,EUR
Kelly 35,12/3/23,Epsom ,9100,USD
Kelly 35,5/13/23,Swift Picnic ,15900,USD
Kelly 35,5/27/23,Swift Picnic,12400,EUR
Kelly 7.5,1/2/23,Epsom Sellier,6700,EUR
Kelly 7.5,1/2/23,Box Sellier,9250,EUR
Kelly 7.5,1/7/23,Chèvre,7500,EUR
Kelly 7.5,1/7/23,Lizard Ombre,16000,EUR
Kelly 7.5,1/7/23,Lisse Alligator,26200,EUR
Kelly 7.5,1/10/23,Matte Alligator,28800,EUR
Kelly 7.5,1/12/23,Epsom,13200,SGD
Kelly 7.5,1/12/23,Chevre,14300,SGD
Kelly 7.5,2/7/23,Matte Alligator Mississippiensis ,27300,CAD
Kelly 7.5,2/9/23,Epsom ,8700,USD
Kelly 7.5,2/11/23,Lizard ,18000,USD
Kelly 7.5,3/22/23,Ostrich ,16400,USD
Kelly 7.5,3/25/23,Ostrich ,15500,USD
Kelly 7.5,3/29/23,Matte Alligator Mississippiensis ,31500,USD
Kelly 7.5,3/29/23,Matte Alligator Mississippiensis,51600,SGD
Kelly 7.5,4/3/23,Chevre ,9450,USD
Kelly 7.5,4/25/23,Box ,12000,USD
Kelly 7.5,5/2/23,Chèvre,7250,EUR
Kelly 7.5,7/28/23,Epsom ,9150,CAD
Kelly 7.5,8/8/23,Matte Alligator,26200,EUR
Kelly 7.5,8/31/23,Ostrich,11800,EUR
Kelly 7.5,10/14/23,Epsom (2 straps) ,9800,USD
Kelly 7.5,11/2/23,Lisse croc with diamonds ,132400,USD
Kelly 7.5,11/27/23,Lizard,13800,EUR
Kelly 7.5,12/3/23,Epsom ,9100,USD
Kelly 7.5,5/13/23,Swift Picnic ,15900,USD
Kelly 7.5,5/27/23,Swift Picnic,12400,EUR
Birkin 20,1/10/23,Picnic,16700,EUR
Birkin 20,2/7/23,Sellier Faubourg Neige (Snow),30100,EUR
Birkin 25,1/2/23,Epsom Sellier,8650,EUR
Birkin 25,1/2/23,Togo,8050,EUR
Birkin 25,1/10/23,Swift (in and out),11800,EUR
Birkin 25,1/10/23,Lizard,15100,EUR
Birkin 25,2/13/23,Togo ,10400,USD
Birkin 25,2/24/23,Shiny Porosus Croc ,52100,USD
Birkin 25,3/15/23,Swift ,10900,USD
Birkin 25,3/21/23,Togo ,12400,CAD
Birkin 25,3/23/23,Chevre ,10600,USD
Birkin 25,3/24/23,Ostrich ,20200,USD
Birkin 25,4/5/23,Swift,8400,EUR
Birkin 25,4/15/23,Lisse Niloticus ,58800,CAD
Birkin 25,4/15/23,Lisse Sellier Porossus ,61000,CAD
Birkin 25,4/17/23,Tadelakt,18100,SGD
Birkin 25,4/20/23,Ostrich,17800,EUR
Birkin 25,4/29/23,Epsom Sellier ,11200,USD
Birkin 25,5/1/23,Lizard ,23000,USD
Birkin 25,5/5/23,Barenia Faubourg ,18455,AUD
Birkin 25,5/6/23,Ostrich ,20200,USD
Birkin 25,5/12/23,Barenia Picnic ,21900,USD
Birkin 25,6/19/23,Veau Grizzly/Swift,9800,EUR
Birkin 25,6/24/23,Cargo ,16000,USD
Birkin 25,6/29/23,Togo,7850,GBP
Birkin 25,6/30/23,Epsom Sellier ,13300,CAD
Birkin 25,7/18/23,Epsom Sellier,8650,EUR
Birkin 25,8/4/23,Togo ,10400,USD
Birkin 25,8/8/23,Shadow,10100,EUR
Birkin 25,8/23/23,Togo ,16510,AUD
Birkin 25,8/30/23,Box Sellier,11900,EUR
Birkin 25,9/28/23,Côte à Côte Tuffetage Swift,10800,EUR
Birkin 25,11/4/23,Togo ,12400,CAD
Birkin 25,11/4/23,Lisse Niloticus w/ Diamond HW,170000,EUR
Birkin 25,11/11/23,Togo,15900,SGD
Birkin 25,11/26/23,Box Sellier ,15400,USD
Birkin 25,11/26/23,Matte Alligator Mississippiensis,34800,EUR
Birkin 25,11/27/23,Ostrich,15600,EUR
Birkin 25,12/10/23,Togo ,10400,USD
Birkin 25,12/11/23,Swift Shadow ,13100,USD
Birkin 30,1/2/23,Togo,8900,EUR
Birkin 30,2/6/23,Epsom Sellier,9750,EUR
Birkin 30,3/30/23,Matte Alligator Mississippiensis,40100,EUR
Birkin 30,4/3/23,Togo ,11600,USD
Birkin 30,4/4/23,Togo,1639000,JPY
Birkin 30,4/7/23,Touch Matte Alligator,18200,EUR
Birkin 30,4/20/23,Togo,8900,EUR
Birkin 30,4/25/23,Vache Naturelle Grainee Sellier ,14800,USD
Birkin 30,4/27/23,Matte Alligator ,53500,USD
Birkin 30,6/17/23,Box Sellier ,17500,USD
Birkin 30,6/29/23,Togo ,11600,USD
Birkin 30,7/12/23,Box Retourne ,15700,USD
Birkin 30,7/17/23,Epsom Retourne ,17200,SGD
Birkin 30,8/19/23,Matte Alligator Mississippiensis SO,40100,EUR
Birkin 30,8/30/23,Epsom,8750,EUR
Birkin 30,8/31/23,Barenia Faubourg,9800,EUR
Birkin 30,8/22/23,Togo,8900,EUR
Birkin 30,8/22/23,Barenia Retourné,12100,EUR
Birkin 30,9/9/23,Ostrich,18200,EUR
Birkin 30,10/17/23,Chèvre,9300,EUR
Birkin 35,1/2/23,Togo,9850,EUR
Birkin 35,1/3/23,Togo,107000,HKD
Birkin 35,3/25/23,Barenia Faubourg ,13800,USD
Birkin 35,12/15/23,Shiny Porosus Croc ,75000,USD
Constance 18,1/2/23,Epsom Sellier,8650,EUR
Constance 18,1/2/23,Togo Retourné,8050,EUR
Constance 18,1/6/23,Box Sellier,23200,SGD
Constance 18,1/10/23,Swift (in and out),10600,EUR
Constance 18,1/29/23,Quadrille Toile/Swift ,12870,USD
Constance 18,2/17/23,Epsom Sellier,17000,SGD
Constance 18,3/14/23,Epsom Sellier ,11300,USD
Constance 18,3/16/23,Epsom Sellier Touch Alligator,14300,EUR
Constance 18,3/25/23,Togo Retourné ,10500,USD
Constance 18,3/28/23,Chevre Sellier ,11400,USD
Constance 18,4/2/23,Epsom Sellier,441350,THB
Constance 18,4/4/23,Togo Retourné,1452000,JPY
Constance 18,4/21/23,Lisse Alligator Mississipiensis Sellier,69900,SGD
Constance 18,5/22/23,Veau Madame Touch Crocodile Sellier ,20270,USD
Constance 18,5/27/23,Epsom Sellier ,11800,CAD
Constance 18,6/9/23,Togo Retourne Touch ,13100,USD
Constance 18,6/26/23,Togo Retourne ,15900,SGD
Constance 18,6/28/23,Swift,8400,EUR
Constance 18,7/27/23,Sellier Crocodile Nilo,35300,EUR
Constance 18,7/28/23,Epsom Sellier,8650,EUR
Constance 18,7/29/23,Chèvre Sellier,9250,EUR
Constance 18,8/8/23,Matte Alligator Retourne,34800,EUR
Constance 18,8/30/23,Sellier Chèvre Chamkila ,12000,USD
Constance 18,8/31/23,Togo Retourne,8050,EUR
Constance 18,9/7/23,Togo Retourne ,11000,CAD
Constance 18,9/9/23,Matte Alligator Retourne,35300,EUR
Constance 18,11/14/23,Sellier Veau Madame ,12000,USD
Constance 18,11/11/23,Sellier Fauve Barenia,11800,EUR
Constance 18,9/9/23,Box Sellier Midas,119000,EUR
Constance 18,1/24/23,Swift Padded,11100,EUR
Constance 18,1/2/23,Epsom Sellier,9100,EUR
Constance 18,1/7/23,Togo Retourné,8650,EUR
Constance 18,1/10/23,Togo Retourné ,10600,USD
Constance 18,2/3/23,Epsom Sellier ,11200,USD
Constance 18,2/11/23,Togo Retourné ,11300,USD
Constance 18,2/12/23,Kelly 28 Himalayan Blanc ,65892,USD
Constance 18,4/3/23,Togo Retourné ,11300,USD
Constance 18,4/3/23,Epsom Sellier ,11800,USD
Constance 18,4/30/23,Matte Alligator Retourne ,43400,USD
Constance 18,5/4/23,Togo Retourne,8000,EUR
Constance 18,5/17/23,Clemence Retourne ,11300,USD
Constance 18,7/13/23,Epsom Sellier,9100,EUR
Constance 18,8/31/23,Togo Retourne,8650,EUR
Constance 18,8/22/23,Veau Madame,9900,EUR
Constance 18,8/30/23,Togo Retourne,11800,CAD
Constance 18,8/30/23,Epsom Sellier,12400,CAD
Constance 18,11/4/23,Box Calf Sellier ,16400,USD
Constance 18,1/2/23,Epsom Sellier,9850,EUR
Constance 18,1/7/23,Togo Retourné,9200,EUR
Constance 18,3/29/23,Clemence Taurillon Retourne ,12000,USD
Constance 18,9/2/23,Barenia Faubourg Retourne,10300,EUR
Constance 18,4/5/23,Togo Retourné,9200,EUR
Constance 18,4/14/23,Togo Retourné,9850,EUR
Constance 18,9/2/23,Epsom Sellier,9850,EUR
Constance 18,10/16/23,Teddy Shearling Limited Edition,17900,EUR
Constance 18,1/2/23,Epsom Sellier,6700,EUR
Constance 18,1/2/23,Box Sellier,9250,EUR
Constance 18,1/7/23,Chèvre,7500,EUR
Constance 18,1/7/23,Lizard Ombre,16000,EUR
Constance 18,1/7/23,Lisse Alligator,26200,EUR
Constance 18,1/10/23,Matte Alligator,28800,EUR
Constance 18,1/12/23,Epsom,13200,SGD
Constance 18,1/12/23,Chevre,14300,SGD
Constance 18,2/7/23,Matte Alligator Mississippiensis ,27300,CAD
Constance 18,2/9/23,Epsom ,8700,USD
Constance 18,2/11/23,Lizard ,18000,USD
Constance 18,3/22/23,Ostrich ,16400,USD
Constance 18,3/25/23,Ostrich ,15500,USD
Constance 18,3/29/23,Matte Alligator Mississippiensis ,31500,USD
Constance 18,3/29/23,Matte Alligator Mississippiensis,51600,SGD
Constance 18,4/3/23,Chevre ,9450,USD
Constance 18,4/25/23,Box ,12000,USD
Constance 18,5/2/23,Chèvre,7250,EUR
Constance 18,7/28/23,Epsom ,9150,CAD
Constance 18,8/8/23,Matte Alligator,26200,EUR
Constance 18,8/31/23,Ostrich,11800,EUR
Constance 18,10/14/23,Epsom (2 straps) ,9800,USD
Constance 18,11/2/23,Lisse croc with diamonds ,132400,USD
Constance 18,11/27/23,Lizard,13800,EUR
Constance 18,12/3/23,Epsom ,9100,USD
Constance 18,5/13/23,Swift Picnic ,15900,USD
Constance 18,5/27/23,Swift Picnic,12400,EUR
Constance 18,1/2/23,Epsom Sellier,6700,EUR
Constance 18,1/2/23,Box Sellier,9250,EUR
Constance 18,1/7/23,Chèvre,7500,EUR
Constance 18,1/7/23,Lizard Ombre,16000,EUR
Constance 18,1/7/23,Lisse Alligator,26200,EUR
Constance 18,1/10/23,Matte Alligator,28800,EUR
Constance 18,1/12/23,Epsom,13200,SGD
Constance 18,1/12/23,Chevre,14300,SGD
Constance 18,2/7/23,Matte Alligator Mississippiensis ,27300,CAD
Constance 18,2/9/23,Epsom ,8700,USD
Constance 18,2/11/23,Lizard ,18000,USD
Constance 18,3/22/23,Ostrich ,16400,USD
Constance 18,3/25/23,Ostrich ,15500,USD
Constance 18,3/29/23,Matte Alligator Mississippiensis ,31500,USD
Constance 18,3/29/23,Matte Alligator Mississippiensis,51600,SGD
Constance 18,4/3/23,Chevre ,9450,USD
Constance 18,4/25/23,Box ,12000,USD
Constance 18,5/2/23,Chèvre,7250,EUR
Constance 18,7/28/23,Epsom ,9150,CAD
Constance 18,8/8/23,Matte Alligator,26200,EUR
Constance 18,8/31/23,Ostrich,11800,EUR
Constance 18,10/14/23,Epsom (2 straps) ,9800,USD
Constance 18,11/2/23,Lisse croc with diamonds ,132400,USD
Constance 18,11/27/23,Lizard,13800,EUR
Constance 18,12/3/23,Epsom ,9100,USD
Constance 18,5/13/23,Swift Picnic ,15900,USD
Constance 18,5/27/23,Swift Picnic,12400,EUR
Constance 18,1/10/23,Picnic,16700,EUR
Constance 18,2/7/23,Sellier Faubourg Neige (Snow),30100,EUR
Constance 18,1/2/23,Epsom Sellier,8650,EUR
Constance 18,1/2/23,Togo,8050,EUR
Constance 18,1/10/23,Swift (in and out),11800,EUR
Constance 18,1/10/23,Lizard,15100,EUR
Constance 18,2/13/23,Togo ,10400,USD
Constance 18,2/24/23,Shiny Porosus Croc ,52100,USD
Constance 18,3/15/23,Swift ,10900,USD
Constance 18,3/21/23,Togo ,12400,CAD
Constance 18,3/23/23,Chevre ,10600,USD
Constance 18,3/24/23,Ostrich ,20200,USD
Constance 18,4/5/23,Swift,8400,EUR
Constance 18,4/15/23,Lisse Niloticus ,58800,CAD
Constance 18,4/15/23,Lisse Sellier Porossus ,61000,CAD
Constance 18,4/17/23,Tadelakt,18100,SGD
Constance 18,4/20/23,Ostrich,17800,EUR
Constance 18,4/29/23,Epsom Sellier ,11200,USD
Constance 18,5/1/23,Lizard ,23000,USD
Constance 18,5/5/23,Barenia Faubourg ,18455,AUD
Constance 18,5/6/23,Ostrich ,20200,USD
Constance 18,5/12/23,Barenia Picnic ,21900,USD
Constance 18,6/19/23,Veau Grizzly/Swift,9800,EUR
Constance 18,6/24/23,Cargo ,16000,USD
Constance 18,6/29/23,Togo,7850,GBP
Constance 18,6/30/23,Epsom Sellier ,13300,CAD
Constance 18,7/18/23,Epsom Sellier,8650,EUR
Constance 18,8/4/23,Togo ,10400,USD
Constance 18,8/8/23,Shadow,10100,EUR
Constance 18,8/23/23,Togo ,16510,AUD
Constance 18,8/30/23,Box Sellier,11900,EUR
Constance 18,9/28/23,Côte à Côte Tuffetage Swift,10800,EUR
Constance 18,11/4/23,Togo ,12400,CAD
Constance 18,11/4/23,Lisse Niloticus w/ Diamond HW,170000,EUR
Constance 18,11/11/23,Togo,15900,SGD
Constance 18,11/26/23,Box Sellier ,15400,USD
Constance 18,11/26/23,Matte Alligator Mississippiensis,34800,EUR
Constance 18,11/27/23,Ostrich,15600,EUR
Constance 18,12/10/23,Togo ,10400,USD
Constance 18,12/11/23,Swift Shadow ,13100,USD
Constance 18,1/2/23,Togo,8900,EUR
Constance 18,2/6/23,Epsom Sellier,9750,EUR
Constance 18,3/30/23,Matte Alligator Mississippiensis,40100,EUR
Constance 18,4/3/23,Togo ,11600,USD
Constance 18,4/4/23,Togo,1639000,JPY
Constance 18,4/7/23,Touch Matte Alligator,18200,EUR
Constance 18,4/20/23,Togo,8900,EUR
Constance 18,4/25/23,Vache Naturelle Grainee Sellier ,14800,USD
Constance 18,4/27/23,Matte Alligator ,53500,USD
Constance 18,6/17/23,Box Sellier ,17500,USD
Constance 18,6/29/23,Togo ,11600,USD
Constance 18,7/12/23,Box Retourne ,15700,USD
Constance 18,7/17/23,Epsom Retourne ,17200,SGD
Constance 18,8/19/23,Matte Alligator Mississippiensis SO,40100,EUR
Constance 18,8/30/23,Epsom,8750,EUR
Constance 18,8/31/23,Barenia Faubourg,9800,EUR
Constance 18,8/22/23,Togo,8900,EUR
Constance 18,8/22/23,Barenia Retourné,12100,EUR
Constance 18,9/9/23,Ostrich,18200,EUR
Constance 18,10/17/23,Chèvre,9300,EUR
Constance 18,1/2/23,Togo,9850,EUR
Constance 18,1/3/23,Togo,107000,USD
Constance 18,3/25/23,Barenia Faubourg ,13800,USD
Constance 18,12/15/23,Shiny Porosus Croc ,75000,USD
Constance 18,1/2/23,Chevre,7700,EUR
Constance 18,1/6/23,Epsom (no mirror) ,7950,USD
Constance 18,1/10/23,Epsom Mirror,13300,SGD
Constance 18,1/14/23,Epsom Mirror,6700,EUR
Constance 18,2/2/23,Epsom Mirror,9050,USD
Constance 18,2/12/23,Epsom Mirror ,8750,USD
Constance 18,2/13/23,Epsom Mirror ,8950,USD
Constance 18,2/17/23,Chevre Mirror ,10000,USD
Constance 18,3/2/23,Epsom Mirror ,8750,USD
Constance 18,4/4/23,Epsom,1166000,JPY
Constance 18,6/6/23,Box,9050,EUR
Constance 18,6/10/23,Lizard ,22000,USD
Constance 18,6/28/23,Matte Alligator Mirror,28200,EUR
Constance 18,7/4/23,Chevre Mirror,15300,SGD
Constance 18,7/7/23,Epsom Mirror,13300,SGD
Constance 18,7/28/23,Chamkila Chevre Mirror ,10000,USD
Constance 18,10/1/23,Epsom Mirror Enamel Buckle ,9600,USD
Constance 18,10/9/23,Lizard,17100,EUR
Constance 18,10/9/23,Box,9250,EUR
Constance 18,11/26/23,Epsom Mirror w/ Alligator and Lizard Buckle,7450,EUR
Constance 24,1/3/23,Constance 1-24 Matte Alligator with Alligator Buckle ,38300,USD
Constance 24,1/10/23,Porosus Crocodile Lisse with diamonds buckle,194500,EUR
Constance 24,2/20/23,Constance 1-24 Box  (before tax),13700,USD
Constance 24,5/9/23,Constance 1-24 Epsom,7600,EUR
Constance 24,7/26/23,Constance 1-24 Epsom ,9900,USD
Constance 24,7/26/23,Constance 1-24 Chèvre,8700,EUR
Constance 24,8/14/23,Constance 1-24 Box,113700,USD
Lindy 19,1/2/23,Clemence,5100,EUR
Lindy 19,1/18/23,Clemence ,6400,USD
Lindy 19,2/8/23,Clemence ,6650,USD
Lindy 19,2/9/23,Ostrich ,14100,USD
Lindy 19,2/16/23,Clemence ,10000,USD
Lindy 19,2/17/23,Swift ,7100,USD
Lindy 19,3/3/23,Clemence,258400,THB
Lindy 19,3/3/23,Clemence with Maxi Quadrille canvas shoulder strap,273600,THB
Lindy 19,3/4/23,Swift,276150,THB
Lindy 19,3/24/23,Clemence ,10305,AUD
Lindy 19,4/3/23,Clemence ,6650,USD
Lindy 19,4/4/23,Clemence,821700,JPY
Lindy 19,4/21/23,Clemence,258400,THB
Lindy 19,6/13/23,Clemence,7550,CAD
Lindy 19,6/18/23,Swift Verso,8050,CAD
Lindy 26,12/16/23,Evercolor ,8400,USD
Lindy 26,1/2/23,Clemence,6250,EUR
Lindy 26,1/16/23,Clemence ,6100,USD
Lindy 26,2/16/23,Clemence ,12300,SGD
Lindy 26,2/16/23,Swift Verso ,8500,USD
Lindy 26,2/16/23,Evercolor ,8400,USD
Lindy 26,2/20/23,Swift,329350,THB
Lindy 26,3/3/23,Clemence,316700,THB
Lindy 26,3/8/23,Clemence,8150,USD
Lindy 26,3/16/23,Evercolor ,8400,USD
Lindy 26,5/12/23,Clemence ,9250,CAD
Lindy 26,5/29/23,Swift Verso ,12800,SGD
Lindy 30,1/3/23,Clemence,13500,SGD
Evelyne 16,1/2/23,Clemence,1570,EUR
Evelyne 16,1/16/23,Maurice ,1570,USD
Evelyne 16,1/24/23,Barenia Faubourg,86400,THB
Evelyne 16,1/24/23,Clemence,77050,THB
Evelyne 16,2/13/23,Clemence ,2050,USD
Evelyne 16,2/22/23,Felt ,1775,USD
Evelyne 16,3/7/23,Maurice,17400,HKD
Evelyne 16,4/17/23,Felt/Swift ,2000,CAD
Evelyne 16,5/10/23,Maurice ,2375,CAD
Evelyne 16,5/13/23,Clemence,3300,SGD
Evelyne 16,5/26/23,Clemence ,2325,CAD
Evelyne 16,12/14/23,Clemence ,2050,USD
Evelyne 29,1/2/23,Clemence,2800,EUR
Evelyne 29,1/4/23,Clemence ,2730,USD
Evelyne 29,1/17/23,Clemence ,3475,USD
Evelyne 29,2/14/23,Maurice ,3725,USD
Evelyne 29,2/20/23,Clemence,137400,THB
Evelyne 29,2/22/23,Maxi Quadrille Strap ,3900,USD
Evelyne 29,2/22/23,Felt ,3450,USD
Evelyne 29,3/4/23,Barenia Faubourg ,3850,USD
Evelyne 29,3/16/23,Clemence ,3650,USD
Evelyne 29,4/15/23,Celemence ,4150,CAD
Evelyne 29,5/15/23,Clemence ,3650,USD
Evelyne 29,8/25/23,Clemence ,5500,SGD
Kelly 25,1/5/22,Epsom Sellier,8500,EUR
Kelly 25,1/14/22,Ostrich Sellier ,33990,AUD
Kelly 25,1/16/22,Box Sellier THB,519550,USD
Kelly 25,2/10/22,Chèvre Sellier ,11400,USD
Kelly 25,2/12/22,Epsom Sellier ,10600,USD
Kelly 25,2/13/22,Togo Retourne ,9900,USD
Kelly 25,2/14/22,Togo Retourne,8750,CHF
Kelly 25,2/15/22,Swift Retourne,9100,CHF
Kelly 25,2/16/22,Barenia Sellier,11500,CHF
Kelly 25,2/17/22,Togo Retourne,7400,EUR
Kelly 25,2/25/22,Madame Sellier ,17100,SGD
Kelly 25,3/1/22,Veau Butler Sellier ,12100,USD
Kelly 25,3/2/22,Box Sellier ,13500,USD
Kelly 25,3/20/22,Veau Madame verso ,8280,USD
Kelly 25,3/23/22,Tadelakt Sellier ,11900,USD
Kelly 25,3/21/22,Box Sellier,10100,EUR
Kelly 25,4/29/22,Barenia Faubourg,7950,EUR
Kelly 25,5/2/22,Swift ,16060,AUD
Kelly 25,5/24/22,Swift,7700,EUR
Kelly 25,5/24/22,Togo,7400,EUR
Kelly 25,5/28/22,Epsom ,10600,USD
Kelly 25,6/28/22,Swift ,10300,USD
Kelly 25,7/11/22,Epsom ,7740,USD
Kelly 25,1/7/22,Alligator Mississippiensis,29800,EUR
Kelly 25,7/1/22,Chevre Sellier ,8280,USD
Kelly 25,7/23/22,Togo Retourne ,10000,CAD
Kelly 25,8/28/22,Nilo Croc Sellier ,39100,USD
Kelly 25,10/14/22,Epsom Sellier,408950,THB
Kelly 25,10/16/22,Epsom Sellier ,11100,CAD
Kelly 25,12/27/22,Epsom Sellier  CNY,90150,USD
Kelly 28,1/3/22,Chevre Mysore ,11100,USD
Kelly 28,1/5/22,Epsom,8350,EUR
Kelly 28,1/8/22,Togo ,10300,USD
Kelly 28,1/28/22,Swift,8200,EUR
Kelly 28,2/28/22,Ostrich ,200500,HKD
Kelly 28,2/5/22,Epsom,9900,CHF
Kelly 28,3/20/22,Box ,13900,USD
Kelly 28,4/23/22,Barenia Faubourg ,11900,CAD
Kelly 28,4/29/22,Chevre Mysore ,11800,USD
Kelly 28,5/2/22,Togo ,10600,USD
Kelly 28,5/6/22,Togo,7950,EUR
Kelly 28,5/13/22,Epsom ,11200,USD
Kelly 28,5/27/22,Swift Toile,8350,EUR
Kelly 28,5/31/22,Togo ,10600,USD
Kelly 28,7/4/22,Epsom ,11400,CAD
Kelly 28,7/21/22,Chevre Mysore ,11900,USD
Kelly 28,9/3/22,Togo Retourne  SEK,87300,USD
Kelly 28,10/4/22,Togo Retourne,10900,CAD
Kelly 28,12/27/22,Epsom Sellier  CNY,95500,USD
Kelly 32,3/2/22,Epsom,9050,EUR
Kelly 32,6/18/22,Evercolor,93500,HKD
Kelly 32,9/6/22,Evercolor Retourne,8650,EUR
Kelly 35,9/5/22,Togo Retourne,9050,EUR
Kelly 35,1/6/22,Epsom ,12400,SGD
Kelly 35,1/6/22,Chèvre Chamkila ,8550,USD
Kelly 35,1/17/22,Shiny Croc ,26600,USD
Kelly 35,2/17/22,Casaque Epsom ,15000,SGD
Kelly 35,3/2/22,Epsom ,67800,HKD
Kelly 35,3/19/22,Shiny Mississippiensis Alligator ,28500,USD
Kelly 35,4/18/22,Epsom ,8250,USD
Kelly 35,5/24/22,Epsom,6150,EUR
Kelly 35,2022-29-06,Lizard,11400,EUR
Kelly 35,2022-29-08,Chèvres Mysore,6650,EUR
Kelly 35,2022-13-10,Chevre Mysore ,6480,USD
Kelly 35,2022-15-10,Epsom ,12400,SGD
Kelly 35,11/20/22,Casque Espom HKD,82000,USD
Kelly 35,12/1/22,Box,7550,EUR
Kelly 35,12/27/22,Box  CNY,96400,USD
Kelly 35,12/17/22,Shiny Alligator,22000,EUR
Kelly 35,12/31/22,Ombre,13200,EUR
Kelly 35,12/31/22,Matte Alligator,24200,EUR
Birkin 25,1/6/22,Himalayan ,61700,USD
Birkin 25,1/9/22,Epsom Sellier ,15800,SGD
Birkin 25,1/8/22,Chèvre Mysore ,7500,USD
Birkin 25,1/8/22,Togo ,7050,USD
Birkin 25,1/15/22,Togo ,9750,USD
Birkin 25,1/20/22,Touch Togo/Niloticus,14500,EUR
Birkin 25,1/21/22,Barenia Faubourg ,10800,USD
Birkin 25,1/31/22,Swift In and Out ,13900,USD
Birkin 25,2/1/22,Ostrich ,18800,USD
Birkin 25,2/10/22,Epsom Sellier ,87600,HKD
Birkin 25,2/12/22,Shadow ,12500,USD
Birkin 25,2/14/22,Epsom Sellier ,10900,USD
Birkin 25,2/19/22,Swift ,15300,SGD
Birkin 25,3/1/22,Novillo ,10400,USD
Birkin 25,2/20/22,Hima ,502500,HKD
Birkin 25,2/27/22,Epsom Sellier ,7750,USD
Birkin 25,3/5/22,Box Sellier ,21625,AUD
Birkin 25,3/15/22,Swift,7700,EUR
Birkin 25,3/15/22,Shadow swift,9100,EUR
Birkin 25,3/15/22,Matte gator,32600,EUR
Birkin 25,3/15/22,Cargo,25,USD
Birkin 25,3/19/22,Togo ,11000,USD
Birkin 25,4/23/22,Togo ,10100,USD
Birkin 25,4/25/22,Ostrich ,19600,USD
Birkin 25,5/5/22,Madame Sellier,447550,THB
Birkin 25,5/31/22,Matte Croc ,43500,USD
Birkin 25,6/3/22,Togo ,11100,CAD
Birkin 25,6/18/22,Togo ,7400,USD
Birkin 25,6/26/22,Epsom Sellier,408950,THB
Birkin 25,7/3/22,Picnic HKD,165300,USD
Birkin 25,7/9/22,Matte gator ,43400,USD
Birkin 25,7/25/22,Ostrich,14300,EUR
Birkin 25,8/1/22,Matte Croc Porosus,49300,USD
Birkin 25,8/20/22,Epsom Sellier ,12600,CAD
Birkin 25,8/21/22,Togo ,14700,SGD
Birkin 25,10/19/22,Swift  ( after tax),11500,CAD
Birkin 25,9/5/22,shiny croco lisse,33.1,EUR
Birkin 25,12/17/22,Epsom Sellier  EUR,7950,USD
Birkin 25,12/27/22,Togo  CNY,83900,USD
Birkin 30,1/5/22,Togo,8150,EUR
Birkin 30,1/9/22,Epsom Sellier ,12300,USD
Birkin 30,1/22/22,Chèvre Mysore ,11500,USD
Birkin 30,1/6/22,Chèvre Mysore CHF,10100,USD
Birkin 30,2/1/22,Epsom Retourne ,12300,USD
Birkin 30,2/5/22,Togo Retourne ,11000,USD
Birkin 30,3/15/22,Matte gator,37520,EUR
Birkin 30,4/2/22,Chèvre ,14100,USD
Birkin 30,4/9/22,Togo ,12700,CAD
Birkin 30,4/17/22,Touch Ostrich/Polished Alligator ,26500,USD
Birkin 30,4/19/22,Swift,8450,EUR
Birkin 30,4/20/22,Togo ,11200,USD
Birkin 30,4/29/22,Sellier Tool,12900,EUR
Birkin 30,5/2/22,Epsom Retourne,8050,EUR
Birkin 30,5/2/22,Epsom Retourne ,11000,USD
Birkin 30,5/7/22,Chevre Mysore Retourne ,11700,USD
Birkin 30,6/22/22,Box,10400,EUR
Birkin 30,7/6/22,Ostrich SGD,33300,USD
Birkin 30,8/1/22,Touch Matt Alligator/Togo,19750,CHF
Birkin 30,8/14/22,Togo ,7940,USD
Birkin 30,12/27/22,Togo  CNY,92750,USD
Birkin 35,3/15/22,Cargo,35,USD
Birkin 35,4/18/22,Togo ,12400,USD
Birkin 35,8/20/22,Barenia Faubourg,10000,EUR
Birkin 35,9/14/22,Clemence ,9050,USD
Birkin 35,12/6/22,Fray Fray ,10900,USD
Constance 18,1/12/22,Chèvre,6750,EUR
Constance 18,1/14/22,Matte Croc with Ombre Lizard Buckle,24000,EUR
Constance 18,1/14/22,Epsom ,7700,USD
Constance 18,1/11/22,Epsom THB,294600,USD
Constance 18,1/26/22,Epsom,5850,EUR
Constance 18,3/10/22,Epsom ,7950,USD
Constance 18,4/1/22,Epsom Laque ,70500,HKD
Constance 18,4/3/22,Chèvre ,9200,USD
Constance 18,4/3/22,Epsom,296400,THB
Constance 18,6/9/22,Evercolor ,12400,SGD
Constance 18,6/11/22,Polished Lizard ,19400,USD
Constance 18,7/1/22,Epsom,296400,THB
Constance 18,7/3/22,Epsom ,8950,CAD
Constance 18,7/8/22,Matte Gator ,30600,USD
Constance 18,7/10/22,Box ,15000,SGD
Constance 18,7/22/22,Evercolor,6200,EUR
Constance 18,8/12/22,Shiny Alligator ,30600,USD
Constance 18,2022-29-08,Ostrich,12300,EUR
Constance 18,2022-29-08,Shiny Alligator,22800,EUR
Constance 18,9/3/22,Box,7500,EUR
Constance 18,12/12/22,Epsom Reissue Mirror,6650,EUR
Constance 18,12/12/22,Epsom Reissue Mirror,9050,USD
Constance 18,12/27/22,CNY,68900,USD
Constance 24,1/11/22,Epsom,7500,EUR
Constance 24,2/23/22,Swift/Marble Silk ,19300,USD
Constance 24,2/28/22,Epsom ,10200,USD
Constance 24,4/9/22,Madame with Lizard Buckle ,12400,USD
Constance 24,1/7/22,Swift ,10300,AUD
Constance 24,1/7/22,Clemence ,9685,AUD
Constance 24,2/14/22,Clemence ,9400,SGD
Constance 24,2/24/22,Ostrich ,12800,USD
Constance 24,3/3/22,Clemence ,6400,USD
Constance 24,5/2/22,Clemence,4700,EUR
Constance 24,5/18/22,Clemence (Maxi Quadrille strap),4950,EUR
Constance 24,5/18/22,Swift,5000,EUR
Constance 24,6/5/22,Clemence ,7050,CAD
Constance 24,6/9/22,Clemence ,6400,USD
Constance 24,7/12/22,Swift ,6800,USD
Constance 24,9/13/22,Swift Touch (matte Mississippiensis alligator) ,11200,CAD
Constance 24,6/15/22,swift touch matte alligator,6900,EUR
Constance 24,2/11/22,Clemence ,4580,USD
Constance 24,12/27/22,Clemence  CNY,53150,USD
Constance 24,1/21/22,Clemence,291350,THB
Constance 24,1/21/22,Clemence  CNY,59600,USD
Constance 24,1/24/22,Swift Verso ,7900,USD
Constance 24,1/28/22,Clemence ,11845,AUD
Constance 24,4/1/22,Clemence ,7800,USD
Constance 24,4/19/22,Clemence,5750,EUR
Constance 24,5/13/22,Clemence,5750,EUR
Constance 24,6/14/22,Verso Veau Swift ,12260,AUD
Constance 24,6/17/22,Clemence SGD,11500,USD
Constance 24,12/27/22,Clemence  CNY,65600,USD
Lindy 30,1/14/22,Swift ,8650,USD
Lindy 30,1/21/22,Clemence ,6140,USD
Lindy 30,4/24/22,Clemence ,9450,CAD
Lindy 30,1/3/22,Maurice ,1875,USD
Lindy 30,1/12/22,Clemence,1400,EUR
Lindy 30,1/18/22,Clemence ,15400,HKD
Lindy 30,1/20/22,Clemence Maxi Quadrille Strap ,2075,CAD
Lindy 30,1/24/22,Felt/Swift ,1170,USD
Lindy 30,1/28/22,Clemence ,1800,USD
Lindy 30,1/28/22,Clemence Flipperball Strap ,1875,USD
Lindy 30,2/14/22,Clemence Flipperball Strap ,2050,USD
Lindy 30,3/17/22,Clemence Maxi Quadrille Strap ,1975,USD
Lindy 30,3/25/22,Clemence  CNY,14550,USD
Lindy 30,4/29/22,Clemence ,1900,USD
Lindy 30,5/10/22,Maurice ,2150,CAD
Lindy 30,5/10/22,Clemence ,2075,CAD
Lindy 30,5/24/22,Clemence Maxi Quadrille Strap,1450,EUR
Lindy 30,6/7/22,Clemence,1400,EUR
Lindy 30,6/12/22,Clemence ,1900,USD
Lindy 30,6/16/22,Clemence ,1900,USD
Lindy 30,6/25/22,Clemence ,1900,USD
Lindy 30,9/5/22,Clemence,1400,EUR
Lindy 30,12/27/22,Clemence  CNY,16400,USD
Lindy 30,1/4/22,Clemence ,3375,USD
Lindy 30,1/5/22,Clemence,2550,EUR
Lindy 30,1/21/22,Clemence Flipperball strap ,2680,USD
Lindy 30,1/25/22,Clemence ,3900,CAD
Lindy 30,2/9/22,Clemence ,3475,USD
Lindy 30,2/9/22,Maurice ,3525,USD
Lindy 30,2/15/22,Barenia Faubourg ,3875,USD
Lindy 30,2/16/22,Felt/Swift,2340,EUR
Lindy 30,3/16/22,Clemence Maxi Quadrille Strap ,3750,USD
Lindy 30,5/27/22,Maurice,2600,EUR
Lindy 30,6/8/22,Maurice ,3525,USD
Lindy 30,8/25/22,Clemence  (duty free),2295,EUR
Lindy 30,6/17/22,Clemence ,2780,USD
Lindy 30,1/21/22,Twill H canvas & Clemence ,2630,USD
Evelyne 16,1/3/22,Maurice ,1875,USD
Evelyne 16,1/12/22,Clemence,1400,EUR
Evelyne 16,1/18/22,Clemence ,15400,HKD
Evelyne 16,1/20/22,Clemence Maxi Quadrille Strap ,2075,CAD
Evelyne 16,1/24/22,Felt/Swift ,1170,USD
Evelyne 16,1/28/22,Clemence ,1800,USD
Evelyne 16,1/28/22,Clemence Flipperball Strap ,1875,USD
Evelyne 16,2/14/22,Clemence Flipperball Strap ,2050,USD
Evelyne 16,3/17/22,Clemence Maxi Quadrille Strap ,1975,USD
Evelyne 16,3/25/22,Clemence,14550,CNY
Evelyne 16,4/29/22,Clemence ,1900,USD
Evelyne 16,5/10/22,Maurice ,2150,CAD
Evelyne 16,5/10/22,Clemence ,2075,CAD
Evelyne 16,5/24/22,Clemence Maxi Quadrille Strap,1450,EUR
Evelyne 16,6/7/22,Clemence,1400,EUR
Evelyne 16,6/12/22,Clemence ,1900,USD
Evelyne 16,6/16/22,Clemence ,1900,USD
Evelyne 16,6/25/22,Clemence ,1900,USD
Evelyne 16,9/5/22,Clemence,1400,EUR
Evelyne 16,12/27/22,Clemence,16400,CNY
Evelyne 29,1/4/22,Clemence ,3375,USD
Evelyne 29,1/5/22,Clemence,2550,EUR
Evelyne 29,1/21/22,Clemence Flipperball strap ,2680,USD
Evelyne 29,1/25/22,Clemence ,3900,CAD
Evelyne 29,2/9/22,Clemence ,3475,USD
Evelyne 29,2/9/22,Maurice ,3525,USD
Evelyne 29,2/15/22,Barenia Faubourg ,3875,USD
Evelyne 29,2/16/22,Felt/Swift,2340,EUR
Evelyne 29,3/16/22,Clemence Maxi Quadrille Strap ,3750,USD
Evelyne 29,5/27/22,Maurice,2600,EUR
Evelyne 29,6/8/22,Maurice ,3525,USD
Evelyne 29,8/25/22,Clemence,2295,EUR
Evelyne 33,6/17/22,Clemence ,2780,USD
Evelyne 33,1/21/22,Twill H canvas & Clemence ,2630,USD
Kelly 28,1/6/21,Alligator Sellier,30700,EUR
Kelly 28,1/9/21,Evercolor Retourné ,10300,USD
Kelly 28,1/16/21,Epsom Sellier ,15600,SGD
Kelly 28,1/20/21,Epsom Sellier ,10700,USD
Kelly 28,4/5/21,Epsom Sellier,7860,EUR
Kelly 28,2/4/21,Alligator Sellier Lisse/Matte,39000,EUR
Kelly 28,3/21/21,Togo Retourné ,10300,USD
Kelly 28,3/28/21,Epsom Sellier ,86000,HKD
Kelly 28,3/29/21,Touch Retourné ,16400,CAD
Kelly 28,5/29/21,Evercolor Retourné ,10300,USD
Kelly 28,5/29/21,Evercolor Retourné Verso ,83300,HKD
Kelly 28,6/3/21,Togo Retourné ,83300,HKD
Kelly 28,7/3/21,Toile Sellier ,88200,HKD
Kelly 28,8/10/21,Chèvre Sellier,8250,EUR
Kelly 28,8/31/21,Quadrille (canvas/Swift) Sellier ,10600,USD
Kelly 28,9/2/21,Togo Retourné,7600,EUR
Kelly 28,9/17/21,Togo Retourné Touch Handle Only ,13900,USD
Kelly 28,10/3/21,Epsom Sellier ,86000,HKD
Kelly 28,10/22/21,Box ,106800,HKD
Kelly 28,10/25/21,Ostrich Sellier ,24400,USD
Kelly 28,11/21/21,Himalayan Croc ,52600,CAD
Kelly 28,12/30/21,Tadelakt Retourné ,8100,USD
Kelly 32,1/4/21,Barenia Faubourg ,18100,SGD
Kelly 32,7/12/21,Togo Retourne ,8230,USD
Kelly 32,8/12/21,Togo Retourne,8200,EUR
Kelly 35,8/24/21,Epsom Sellier,9350,EUR
Kelly 35,3/20/21,Epsom Casaque  NTD,315800,USD
Kelly 35,5/1/21,Chèvre Chamkila ,8550,USD
Kelly 35,5/1/21,Epsom ,12410,AUD
Kelly 35,5/10/21,Epsom ,5920,USD
Kelly 35,7/1/21,Nilo,21,EUR
Kelly 35,7/16/21,Epsom ,7950,USD
Kelly 35,7/26/21,Matte Alligator ,230100,HKD
Kelly 35,8/12/21,Epsom,5900,EUR
Kelly 35,10/21/21,Chevre Mysore ,8550,USD
Kelly 35,11/5/21,Chèvre Mysore,6350,EUR
Kelly 35,11/13/21,Epsom tricolor ,10300,CAD
Kelly 35,11/15/21,Epsom ,64600,HKD
Kelly 35,12/4/21,Epsom ,8550,CAD
Kelly 35,6/6/21,Picnic,11400,EUR
Kelly 35,6/14/21,Picnic ,13800,USD
Birkin 25,1/3/21,Togo ,76600,HKD
Birkin 25,1/6/21,Touch (Togo/Croc),13700,EUR
Birkin 25,1/6/21,Touch (Togo/Croc) ,19100,USD
Birkin 25,1/9/21,Togo ,9650,USD
Birkin 25,2/6/21,Togo ,13900,SGD
Birkin 25,2/16/21,Barenia Faubourg ,11000,USD
Birkin 25,3/6/21,Togo ,9750,USD
Birkin 25,3/7/21,(Shadow) Swift,8600,EUR
Birkin 25,3/20/21,Ostrich,13500,EUR
Birkin 25,3/27/21,Veau Madame Sellier CHF,10050,USD
Birkin 25,4/22/21,Veau Jonathan ,9800,USD
Birkin 25,4/30/21,Chèvre ,10300,USD
Birkin 25,5/9/21,Swift,7250,EUR
Birkin 25,5/10/21,Epsom Sellier JPY,1160000,USD
Birkin 25,5/10/21,Togo JPY,1160000,USD
Birkin 25,6/6/21,Togo ,11100,CAD
Birkin 25,5/28/21,Touch Togo/alligator ,22100,CAD
Birkin 25,6/11/21,Shadow ,11900,USD
Birkin 25,6/21/21,Swift ,10100,USD
Birkin 25,7/12/21,Touch Togo/Niloticus ,21370,USD
Birkin 25,7/26/21,Epsom Sellier,7750,EUR
Birkin 25,9/16/21,Epsom Sellier ,10800,USD
Birkin 25,9/25/21,Togo,7000,EUR
Birkin 25,10/30/21,Swift Retourne palladium ,11500,CAD
Birkin 25,11/15/21,Epsom Sellier ,84900,HKD
Birkin 25,11/19/21,cargo ,14600,USD
Birkin 25,12/5/21,Epsom Sellier,7750,EUR
Birkin 30,1/6/21,Togo,7900,EUR
Birkin 30,3/8/21,Togo ,11000,USD
Birkin 30,1/7/21,Porosus Croc ,55700,USD
Birkin 30,2/19/21,Togo JPY,1320000,USD
Birkin 30,2/23/21,Madame Sellier ,9690,GBP
Birkin 30,2/25/21,Barenia Faubourg,8850,EUR
Birkin 30,3/4/21,Veau Madame Sellier ,13400,USD
Birkin 30,3/6/21,Epsom ,10800,USD
Birkin 30,3/15/21,Box ,14000,USD
Birkin 30,4/1/21,Barenia Faubourg ,12300,USD
Birkin 30,4/6/21,Chèvre ,11500,USD
Birkin 30,4/12/21,Box Calf,10.1,EUR
Birkin 30,5/14/21,Togo  SEK (Swedish Crowns),89800,USD
Birkin 30,5/24/21,Togo ,15700,SGD
Birkin 30,6/5/21,Togo ,86600,HKD
Birkin 30,6/2/21,Epsom,7800,EUR
Birkin 30,7/1/21,Chevre Coromandel,10000,EUR
Birkin 30,7/11/21,Touch Niloticus Croc/Togo ,22500,USD
Birkin 30,7/1/21,Epsom Seller ,12300,USD
Birkin 30,7/5/21,Ostrich,16200,EUR
Birkin 30,7/25/21,Epsom Seller ,105300,HKD
Birkin 30,8/1/21,Clemence ,11000,USD
Birkin 30,9/20/21,Togo ,7940,USD
Birkin 30,11/15/21,Epsom ,85500,HKD
Birkin 30,12/11/21,Epsom Sellier ,8.85,USD
Birkin 35,1/6/21,Togo,8850,EUR
Birkin 35,1/23/21,Togo ,12200,USD
Birkin 35,1/26/21,Epsom ,117200,HKD
Birkin 35,2/27/21,Togo ,12300,USD
Birkin 35,7/26/21,Shadow ,117200,HKD
Birkin 35,11/19/21,Clemence ,8890,GBP
Birkin 35,4/20/21,- ,10960,USD
Birkin 35,1/23/21,Epsom ,11300,SGD
Birkin 35,2/4/21,Ostrich ,124700,HKD
Birkin 35,2/14/21,Ostrich ,15500,USD
Birkin 35,3/14/21,Epsom ,7700,USD
Birkin 35,3/28/21,Epsom  SEK (Swedish Crowns),69.9,USD
Birkin 35,4/17/21,Butler ,8550,USD
Birkin 35,5/2/21,Epsom ,61900,USD
Birkin 35,6/25/21,Lizard Ombre ,18300,USD
Birkin 35,6/28/21,Ostrich ,15200,USD
Birkin 35,7/5/21,Ostrich,11200,EUR
Birkin 35,7/13/21,Epsom,5650,EUR
Birkin 35,8/9/21,Evercolor ,65200,HKD
Birkin 35,9/11/21,Chèvre,6500,EUR
Birkin 35,9/30/21,Swift ,66800,HKD
Birkin 35,10/29/21,Croc buckle ,70100,HKD
Birkin 35,11/23/21,Box,7200,EUR
Birkin 35,12/29/21,Epsom ,7700,USD
Birkin 35,1/20/21,Epsom ,10200,USD
Birkin 35,1/20/21,Epsom ,81600,HKD
Birkin 35,1/30/21,Veau Madame ,11400,USD
Birkin 35,2/14/21,Evercolor ,11100,USD
Birkin 35,6/19/21,Swift Marble Silk,14100,EUR
Birkin 35,8/19/21,Epsom,7450,EUR
Birkin 35,8/24/21,Ostrich,13900,EUR
Birkin 35,10/1/21,Veau Madame,8400,EUR
Birkin 35,1/4/21,Clemence,4500,EUR
Birkin 35,2/25/21,Clemence ,49300,HKD
Birkin 35,3/19/21,Clemence ,9000,SGD
Birkin 35,1/23/21,Ostrich ,13200,USD
Birkin 35,2/20/21,Swift  SD,6500,USD
Birkin 35,4/7/21,Clemence ,7050,CAD
Birkin 35,4/14/21,Ostrich  CAS,14600,USD
Birkin 35,5/5/21,Touch Swift/Alligator ,9600,USD
Birkin 35,5/10/21,Ostrich,9100,EUR
Birkin 35,5/18/21,Touch Swift/Alligator ,11200,CAD
Birkin 35,6/24/21,Swift /,4770,USD
Birkin 35,6/24/21,Clemence ,4400,USD
Birkin 35,7/31/21,Clemence ,6100,USD
Birkin 35,7/31/21,Swift ,9500,SGD
Birkin 35,8/12/21,Clemence,4500,EUR
Birkin 35,8/22/21,Clemence ,4520,USD
Birkin 35,10/23/21,Swift USD,6450,USD
Birkin 35,11/9/21,Swift ,7550,CAD
Birkin 35,11/15/21,Swift ,52000,HKD
Birkin 35,12/8/21,Swift,4750,EUR
Birkin 35,12/20/21,Clemence  RMB,46500,USD
Birkin 35,12/25/21,Swift  RMB,49100,USD
Birkin 35,1/4/21,Clemence ,11535,AUD
Birkin 35,1/8/21,Clemence ,11200,SGD
Birkin 35,1/14/21,Clemence /,5600,EUR
Birkin 35,1/18/21,Swift verso ,63500,HKD
Birkin 35,5/1/21,Evercolor ,11500,SGD
Birkin 35,6/24/21,Clemence ,5630,USD
Birkin 35,7/29/21,Clemence  CDN,8700,USD
Birkin 35,8/12/21,Evercolor ,5750,USD
Birkin 35,10/17/21,Touch Clemence/Alligator ,13500,SGD
Birkin 35,11/8/21,Clemence ,61400,HKD
Birkin 35,11/15/21,Evercolor ,63000,HKD
Birkin 35,2/10/21,Clemence /,6100,EUR
Birkin 35,5/6/21,Clemence ,12200,SGD
Birkin 35,11/10/21,Clemence ,66800,HKD
Birkin 35,1/7/21,Clemence ,2650,SGD
Birkin 35,1/20/21,Clemence ,1800,USD
Birkin 35,1/20/21,Maurice ,1875,USD
Birkin 35,2/5/21,Clemence /,1290,EUR
Birkin 35,2/20/21,Clemence ,2075,CAD
Birkin 35,3/27/21,Clemence CHF,1550,USD
Birkin 35,4/16/21,Clemence,1330,EUR
Birkin 35,5/24/21,Maurice ,2750,SGD
Birkin 35,11/15/21,Clemence ,14600,HKD
Birkin 35,12/20/21,Clemence  RMB,13750,USD
Birkin 35,1/13/21,Clemence ,4950,SGD
Birkin 35,1/14/21,Clemence,2490,EUR
Birkin 35,1/28/21,Clemence ,5130,AUD
Birkin 35,1/28/21,Clemence  SEK,28300,USD
Birkin 35,2/5/21,Grizzly/Swift /,3250,EUR
Birkin 35,2/5/21,Maurice /,2550,EUR
Birkin 35,2/24/21,Clemence ,3375,USD
Birkin 35,5/25/21,Maurice ,5100,SGD
Birkin 35,10/13/21,Clemence ,3900,CAD
Birkin 35,11/15/21,Clemence ,27000,HKD
Birkin 35,1/17/21,Epsom ,5500,SGD
Birkin 35,2/23/21,Clemence ,3800,USD
Birkin 35,7/6/21,Clemence ,5600,SGD
Birkin 35,11/14/21,Clemence,3100,EUR
HAC 50,4/20/21,Togo,10960,USD
Constance 18,1/23/21,Epsom ,11300,SGD
Constance 18,2/4/21,Ostrich ,124700,HKD
Constance 18,2/14/21,Ostrich ,15500,USD
Constance 18,3/14/21,Epsom ,7700,USD
Constance 18,3/28/21,Epsom,69.9,SEK
Constance 18,4/17/21,Butler ,8550,USD
Constance 18,5/2/21,Epsom ,61900,USD
Constance 18,6/25/21,Lizard Ombre ,18300,USD
Constance 18,6/28/21,Ostrich ,15200,USD
Constance 18,7/5/21,Ostrich,11200,EUR
Constance 18,7/13/21,Epsom,5650,EUR
Constance 18,8/9/21,Evercolor ,65200,HKD
Constance 18,9/11/21,Chèvre,6500,EUR
Constance 18,9/30/21,Swift ,66800,HKD
Constance 18,10/29/21,Croc buckle ,70100,HKD
Constance 18,11/23/21,Box,7200,EUR
Constance 18,12/29/21,Epsom ,7700,USD
Constance 24,1/20/21,Epsom ,10200,USD
Constance 24,1/20/21,Epsom ,81600,HKD
Constance 24,1/30/21,Veau Madame ,11400,USD
Constance 24,2/14/21,Evercolor ,11100,USD
Constance 24,6/19/21,Swift Marble Silk,14100,EUR
Constance 24,8/19/21,Epsom,7450,EUR
Constance 24,8/24/21,Ostrich,13900,EUR
Constance 24,10/1/21,Veau Madame,8400,EUR
Lindy 19,1/4/21,Clemence,4500,EUR
Lindy 19,2/25/21,Clemence ,49300,HKD
Lindy 19,3/19/21,Clemence ,9000,SGD
Lindy 19,1/23/21,Ostrich ,13200,USD
Lindy 19,2/20/21,Swift  SD,6500,USD
Lindy 19,4/7/21,Clemence ,7050,CAD
Lindy 19,4/14/21,Ostrich  CAS,14600,USD
Lindy 19,5/5/21,Touch Swift/Alligator ,9600,USD
Lindy 19,5/10/21,Ostrich,9100,EUR
Lindy 19,5/18/21,Touch Swift/Alligator ,11200,CAD
Lindy 19,6/24/21,Swift ,4770,USD
Lindy 19,6/24/21,Swift,4750,EUR
Lindy 19,6/24/21,Clemence ,4400,USD
Lindy 19,7/31/21,Clemence ,6100,USD
Lindy 19,7/31/21,Swift ,9500,SGD
Lindy 19,8/12/21,Clemence,4500,EUR
Lindy 19,8/22/21,Clemence ,4520,USD
Lindy 19,10/23/21,Swift USD,6450,USD
Lindy 19,11/9/21,Swift ,7550,CAD
Lindy 19,11/15/21,Swift ,52000,HKD
Lindy 19,12/8/21,Swift,4750,EUR
Lindy 19,12/20/21,Clemence,46500,RMB
Lindy 19,12/25/21,Swift,49100,RMB
Lindy 26,1/4/21,Clemence ,11535,AUD
Lindy 26,1/8/21,Clemence ,11200,SGD
Lindy 26,1/14/21,Clemence,5600,EUR
Lindy 26,1/14/21,Clemence ,5630,USD
Lindy 26,1/18/21,Swift verso ,63500,HKD
Lindy 26,5/1/21,Evercolor ,11500,SGD
Lindy 26,6/24/21,Clemence ,5630,USD
Lindy 26,7/29/21,Clemence ,8700,CDN
Lindy 26,8/12/21,Evercolor ,5750,USD
Lindy 26,10/17/21,Touch Clemence/Alligator ,13500,SGD
Lindy 26,11/8/21,Clemence ,61400,HKD
Lindy 26,11/15/21,Evercolor ,63000,HKD
Lindy 30,2/10/21,Clemence,6100,EUR
Lindy 30,2/10/21,Clemence ,6130,USD
Lindy 30,5/6/21,Clemence ,12200,SGD
Lindy 30,11/10/21,Clemence ,66800,HKD
Evelyne 16,1/7/21,Clemence ,2650,SGD
Evelyne 16,1/20/21,Clemence ,1800,USD
Evelyne 16,1/20/21,Maurice ,1875,USD
Evelyne 16,2/5/21,Clemence,1290,EUR
Evelyne 16,2/5/21,Clemence ,1290,USD
Evelyne 16,2/20/21,Clemence ,2075,CAD
Evelyne 16,3/27/21,Clemence CHF,1550,USD
Evelyne 16,4/16/21,Clemence,1330,EUR
Evelyne 16,5/24/21,Maurice ,2750,SGD
Evelyne 16,11/15/21,Clemence ,14600,HKD
Evelyne 16,12/20/21,Clemence,13750,RMB
Evelyne 29,1/13/21,Clemence ,4950,SGD
Evelyne 29,1/14/21,Clemence,2490,EUR
Evelyne 29,1/28/21,Clemence ,5130,AUD
Evelyne 29,1/28/21,Clemence,28300,SEK
Evelyne 29,2/5/21,Grizzly/Swift,3250,EUR
Evelyne 29,2/5/21,Grizzly/Swift ,3270,USD
Evelyne 29,2/5/21,Maurice,2550,EUR
Evelyne 29,2/5/21,Maurice ,2570,USD
Evelyne 29,2/24/21,Clemence ,3375,USD
Evelyne 29,5/25/21,Maurice ,5100,SGD
Evelyne 29,10/13/21,Clemence ,3900,CAD
Evelyne 29,11/15/21,Clemence ,27000,HKD
Evelyne 33,1/17/21,Epsom ,5500,SGD
Evelyne 33,2/23/21,Clemence ,3800,USD
Evelyne 33,7/6/21,Clemence ,5600,SGD
Evelyne 30,11/14/21,Clemence,3100,EUR
Kelly 25,1/9/20,Togo Retourné,6800,EUR
Kelly 25,1/19/20,Togo Retourné ,14305,AUD
Kelly 25,1/22/20,Epsom Sellier ,7500,USD
Kelly 25,1/11/20,Chèvre Sellier ,11100,USD
Kelly 25,1/29/20,Ostrich Sellier,16000,EUR
Kelly 25,3/4/20,Sombrero Sellier ,11300,USD
Kelly 25,3/10/20,Togo Retourné ,6800,USD
Kelly 25,3/13/20,Tadelakt Sellier ,8400,USD
Kelly 25,3/18/20,Epsom Sellier ,84500,HKD
Kelly 25,4/2/20,Togo Retourné ,76400,HKD
Kelly 25,6/13/20,Swift Retourné ¥,1232000,JPY
Kelly 25,6/13/20,Togo Retourné ,9350,USD
Kelly 25,6/18/20,Ombré Lizard Sellier,17300,EUR
Kelly 25,6/19/20,Nilo Sellier,27800,EUR
Kelly 25,8/10/20,Togo Sellier ,10500,USD
Kelly 25,8/19/20,Epsom Sellier ,10300,USD
Kelly 25,12/17/20,Swift Retourné ,78100,HKD
Kelly 25,12/13/20,Epsom Sellier ,7500,GBP
Kelly 28,1/6/20,Epsom Sellier,7750,EUR
Kelly 28,1/11/20,Togo Retourné,7400,EUR
Kelly 28,2/1/20,Ostrich Sellier,17900,EUR
Kelly 28,2/11/20,Togo Retourné ,10200,USD
Kelly 28,2/25/20,Epsom Sellier,10700,USD
Kelly 28,3/4/20,Matte Alligator Retourné ,36000,USD
Kelly 28,4/13/20,Togo Retourné ,83100,HKD
Kelly 28,8/21/20,Barenia Retourne ,11300,USD
Kelly 28,10/30/20,Epsom Sellier ,11400,CAD
Kelly 32,1/9/20,Togo Retourné,8300,EUR
Kelly 32,1/19/20,Tadelakt Sellier ,12800,USD
Kelly 32,2/17/20,Clémence Retourné ,11000,USD
Kelly 32,2/29/20,Epsom Sellier ,11600,USD
Kelly 32,4/26/20,Togo Retourné ,89900,HKD
Kelly 35,4/13/20,Togo Retourné ,96600,HKD
Kelly 35,6/19/20,Evercolor Retourné,8800,EUR
Kelly 35,2/26/20,Epsom /,5800,EUR
Kelly 35,2/26/20,Chèvre,6250,EUR
Kelly 35,3/1/20,Chèvre ,8600,USD
Kelly 35,4/16/20,Alligator ,40700,SGD
Kelly 35,5/3/20,Epsom ,65100,HKD
Kelly 35,5/3/20,Chèvre ,70200,HKD
Kelly 35,8/2/20,Ostrich ,11500,USD
Kelly 35,9/15/20,Picnic in Swift ,113500,HKD
Kelly 35,11/28/20,Ostrich ,13600,USD
Birkin 25,1/9/20,Togo,6800,EUR
Birkin 25,1/9/20,Jonathan,7000,EUR
Birkin 25,1/10/20,Swift ,9850,USD
Birkin 25,1/11/20,Chèvre ,9900,USD
Birkin 25,1/18/20,Chèvre,7100,EUR
Birkin 25,1/22/20,Ostrich,13400,EUR
Birkin 25,2/14/20,Togo ,6800,USD
Birkin 25,2/26/20,Porosus Lisse,35400,EUR
Birkin 25,2/29/20,Novillo ,9800,USD
Birkin 25,3/3/20,Niloticus Croc ,49000,CAD
Birkin 25,3/13/20,Togo ,9650,USD
Birkin 25,3/31/20,Swift ,78000,HKD
Birkin 25,4/9/20,Barenia Faubourg ,87700,HKD
Birkin 25,6/14/20,Togo ¥,1276000,JPY
Birkin 25,10/19/20,Porosus Matte,43000,EUR
Birkin 25,11/29/20,Nilo Himalaya,57500,USD
Birkin 25,12/21/20,Chevre ,10100,USD
Birkin 30,1/2/20,Togo,7750,EUR
Birkin 30,1/3/20,Togo ,10900,USD
Birkin 30,1/4/20,Niloticus Croc ,47800,USD
Birkin 30,1/29/20,Ostrich,16000,EUR
Birkin 30,3/5/20,Togo ¥,1320000,JPY
Birkin 30,3/5/20,Sellier Vache Naturelle Grainé,10000,EUR
Birkin 30,5/23/20,Togo ,87000,HKD
Birkin 30,5/30/20,Epsom,7700,EUR
Birkin 30,6/23/20,Himalaya,48000,EUR
Birkin 30,7/12/20,Chèvre Mysore ,11500,USD
Birkin 30,8/7/20,Novillo ,12800,CAD
Birkin 30,8/6/20,Togo ,11000,USD
Birkin 30,9/25/20,Poro croc ,57700,USD
Birkin 30,10/5/20,Matt Alligator Touch ,22700,USD
Birkin 30,11/28/20,Nilo Himalaya ,64100,USD
Birkin 30,12/6/20,Togo ,11000,USD
Birkin 30,12/15/20,Ostrich ,22700,USD
Birkin 35,1/11/20,Togo ,12100,USD
Birkin 35,3/7/20,Epsom ,11800,USD
Birkin 35,3/9/20,Togo,8600,EUR
Birkin 35,4/8/20,CARGO Goéland Swift ,180000,HKD
Birkin 35,6/26/20,Togo ,12200,USD
Birkin 35,10/24/20,Epsom,8350,EUR
Birkin 35,10/31/20,Shadow ,14600,USD
HAC 40,9/27/20,Togo Retourne,9600,EUR
Constance 18,1/9/20,Evercolor,5850,EUR
Constance 18,1/15/20,Swift,5900,EUR
Constance 18,1/18/20,Evercolor ,8200,USD
Constance 18,1/25/20,Veau Monsieur w/Lizard buckle,6650,EUR
Constance 18,2/27/20,Swift ,8200,USD
Constance 18,4/1/20,Epsom ,62300,HKD
Constance 18,4/30/20,Swift ,66300,HKD
Constance 18,5/19/20,Evercolor ,65700,HKD
Constance 18,6/27/20,Box ,9950,USD
Constance 18,8/20/20,Tadelakt ,8500,USD
Constance 18,8/22/20,Veau Monsieur w/ Lizard Buckle ,9250,USD
Constance 18,8/28/20,Butler ,8700,USD
Constance 18,10/13/20,Swift (Verso) ,8200,USD
Constance 18,10/24/20,Epsom + enamel buckle ,8450,USD
Constance 18,10/25/20,Lisse Poro Crco ,33500,USD
Constance 18,12/19/20,Lizard ,16100,CAD
Constance 24,1/7/20,Epsom ,10300,USD
Constance 24,1/11/20,Epsom,7350,EUR
Constance 24,1/18/20,Evercolor,7900,EUR
Constance 24,2/21/20,Evercolor ,89300,HKD
Constance 24,6/22/20,Ostrich ,19200,USD
Constance 24,10/24/20,Matte Gator + Lizard Buckle ,34100,USD
Constance 24,11/21/20,Evercolor Verso ,11100,USD
Lindy 19,1/1/20,Swift,4650,EUR
Lindy 19,1/10/20,Clémence,4400,USD
Lindy 19,1/16/20,Clemence,4400,EUR
Lindy 19,1/17/20,Clemence,6100,USD
Lindy 19,2/10/20,Clémence,7050,CAD
Lindy 19,2/16/20,Clemence,789800,JPY
Lindy 19,2/26/20,Ostrich,9000,EUR
Lindy 19,3/13/20,Clémence,6150,USD
Lindy 19,3/22/20,Swift,52200,HKD
Lindy 19,5/30/20,Swift,6500,USD
Lindy 19,6/29/20,Clémence,8900,SGD
Lindy 19,7/9/20,Clémence,49400,HKD
Lindy 19,9/29/20,Clémence,6150,USD
Lindy 26,1/15/20,Clémence,7750,USD
Lindy 26,1/18/20,Clémence,5400,EUR
Lindy 26,3/26/20,Clemence,60700,HKD
Lindy 26,4/16/20,Evercolor,5550,EUR
Lindy 26,4/16/20,Clemence,975700,JPY
Lindy 26,4/18/20,Evercolor,5550,USD
Lindy 26,4/29/20,Volupto Touch,82000,HKD
Lindy 26,5/20/20,Volupto Touch,10200,USD
Lindy 26,6/25/20,Clémence,10900,SGD
Lindy 26,7/22/20,Clemence,11125,AUD
Lindy 30,1/15/20,Swift,8550,USD
Lindy 30,1/15/20,Clemence,8200,USD
Lindy 30,3/10/20,Swift + Tressage,9150,USD
Lindy 30,3/11/20,Clemence,8150,USD
Lindy 30,3/11/20,Evercolor,8500,USD
Lindy 30,3/11/20,Bicolor in Swift and Epsom,9150,USD
Lindy 30,3/17/20,Clemence,11800,SGD
Lindy 30,3/18/20,Swift and Epsom,13200,SGD
Lindy 30,4/4/20,Clemence,1059300,JPY
Lindy 30,5/14/20,Clémence,5850,USD
Lindy 30,6/24/20,Swift,10500,CAD
Lindy 30,6/25/20,Clémence,65700,HKD
Lindy 34,2/16/20,Clemence,8700,USD
Lindy 34,4/4/20,Clemence,1122000,JPY
Evelyne 16,2/1/20,Clémence,1290,USD
Evelyne 16,2/2/20,Clemence,15100,HKD
Evelyne 16,2/13/20,Felt & Swift,1575,USD
Evelyne 16,3/13/20,Clemence,1800,USD
Evelyne 16,4/20/20,Clémence,13150,RMB
Evelyne 16,6/29/20,Felt & Swift,1130,USD
Evelyne 16,7/6/20,Clemence,14500,HKD
Evelyne 16,8/3/20,Clémence  + tax,2075,CAD
Evelyne 16,8/1/20,Clémence,1290,EUR
Evelyne 16,8/11/20,Clémence,1370,USD
Evelyne 29,1/9/20,Clémence,2420,EUR
Evelyne 29,1/15/20,Clemence,3375,USD
Evelyne 29,1/28/20,Clemence,2420,USD
Evelyne 29,3/27/20,Clemence,27200,HKD
Evelyne 29,4/4/20,Clemence,4985,AUD
Evelyne 29,4/10/20,Clemence,3900,CAD
Evelyne 29,4/11/20,Grizzly & Swift,5050,CAD
Evelyne 29,6/22/20,Clémence,4240000,USD
Evelyne 29,6/22/20,Maurice,3975,CAD
Evelyne 33,1/15/20,Clémence,4500,USD
Evelyne 33,4/4/20,Maurice,492800,JPY
Evelyne 33,4/30/20,Clemence / Epsom,5400,SGD
Evelyne 39,4/4/20,Clémence,6025,AUD
Evelyne 39,4/4/20,Maurice,6220,AUD
Evelyne 39,6/7/20,Maurice,4625,USD
Evelyne 29,3/21/20,Hunter,38200,HKD
Evelyne 29,4/18/20,Hunter,5450,CAD
Evelyne 33,1/15/20,Sellier Hunter,6000,USD
Evelyne 33,3/12/20,Sellier Epsom,38800,HKD
Evelyne 33,4/18/20,Sellier Hunter,6850,CAD
Evelyne 33,4/20/20,Sellier Hunter,5900,USD
Evelyne 33,6/23/20,Sellier Hunter,8755,AUD
Kelly 25,1/8/19,Epsom Sellier,7250,GBP
Kelly 25,1/8/19,Togo Retourne,6560,GBP
Kelly 25,1/29/19,Togo Sellier,7600,EUR
Kelly 25,2/5/19,Epsom Sellier,10300,USD
Kelly 25,2/6/19,Epsom Sellier,7300,EUR
Kelly 25,2/14/19,Epsom Sellier,8950,CHF
Kelly 25,2/14/19,Togo Retourne,9350,USD
Kelly 25,2/14/19,Chèvre Sellier,10600,USD
Kelly 25,2/20/19,Ostrich Sellier,87600,QAR
Kelly 25,3/23/19,Barenia Sellier,11900,USD
Kelly 25,4/11/19,Togo Retourne,6600,EUR
Kelly 25,4/25/19,Togo Retourné,9500,USD
Kelly 25,5/1/19,Chèvre Sellier,11000,USD
Kelly 25,5/12/19,Ostrich Sellier,22400,USD
Kelly 25,5/13/19,Matte Alligator Retourne,32500,USD
Kelly 25,7/15/19,Matte Himalaya Croc,45300,USD
Kelly 25,7/24/19,Box,8750,EUR
Kelly 25,9/20/19,Tadelakt Sellier -,11500,USD
Kelly 25,10/25/19,Chevre Mysore Sellier,7850,EUR
Kelly 25,12/9/19,Swift Retourné,14490,AUD
Kelly 25,12/22/19,Swift Retourne,6750,EUR
Kelly 28,1/8/19,Togo Retourne,7150,GBP
Kelly 28,1/3/19,Togo,8400,CHF
Kelly 28,2/7/19,Evercolor Retourne,7300,EUR
Kelly 28,2/10/19,Togo Retourne,10200,USD
Kelly 28,3/14/19,Box Sellier,12500,USD
Kelly 28,3/15/19,Togo Retourne,7050,EUR
Kelly 28,3/23/19,Veau Graine Monsieur Sellier,11500,USD
Kelly 28,3/23/19,Shiny Croc Niko,45000,CAD
Kelly 28,4/16/19,Epsom Sellier,7550,EUR
Kelly 28,5/20/19,Togo Retourne,226500,MXN
Kelly 28,6/24/19,Chèvre Sellier,11300,USD
Kelly 28,7/15/19,Evercolor Retourne,10300,USD
Kelly 28,7/15/19,Epsom Sellier,10700,USD
Kelly 28,7/15/19,Tadelakt Sellier,11500,USD
Kelly 28,7/15/19,Box Sellier,12500,USD
Kelly 28,7/22/19,Evercolor Retourne,83700,HKD
Kelly 28,10/19/19,Epsom Sellier,1250000,JPY
Kelly 32,1/22/19,Epsom Retourne,10400,USD
Kelly 32,1/24/19,Epsom Sellier,8200,EUR
Kelly 32,2/2/19,Veau Fauve Barenia Faubourg,11900,USD
Kelly 32,5/4/19,Clemence Retourne,11000,USD
Kelly 32,7/15/19,Epsom Sellier,11600,USD
Kelly 32,7/15/19,Swift Toile (Combo) Sellier,12800,USD
Kelly 32,7/15/19,Shiny Porosus Crocodile Sellier,46300,USD
Kelly 35,5/15/19,Clemence Retourné,8300,EUR
Kelly 7.5,3/30/19,Chèvre,6100,EUR
Kelly 7.5,4/18/19,Chevre,8650,USD
Kelly 7.5,4/12/19,Epsom,5650,EUR
Kelly 7.5,5/10/19,Box Calf,6460,GBP
Kelly 7.5,5/16/19,Lisse Alligator,22800,CHF
Kelly 7.5,7/15/19,Matte Alligator,25200,USD
Kelly 7.5,10/18/19,Box,9200,USD
Kelly 7.5,11/24/19,Epsom ¥,930000,JPY
Kelly 7.5,3/21/19,Picnic Swift Or Barenia,9740,GBP
Kelly 7.5,7/15/19,Picnic Swift,13900,USD
Birkin 25,1/8/19,Togo,6570,GBP
Birkin 25,1/10/19,Togo,13900,SGD
Birkin 25,1/10/19,Togo,6200,EUR
Birkin 25,1/17/19,Togo,9400,USD
Birkin 25,1/11/19,Croc,33300,EUR
Birkin 25,1/29/19,Togo,6600,EUR
Birkin 25,2/22/19,Togo,9550,USD
Birkin 25,4/11/19,Togo,6600,EUR
Birkin 25,4/18/19,Swift,6800,EUR
Birkin 25,5/13/19,Porosus Lissé ,40850,CHF
Birkin 25,5/28/19,Veau Jonathan,9700,USD
Birkin 25,6/3/19,Porosus Croc,33110,GBP
Birkin 25,6/21/19,Chevre So,6900,EUR
Birkin 25,7/1/19,Clemence,9550,USD
Birkin 25,7/15/19,Shiny Porosus Crocodile Diamond Hw,149000,USD
Birkin 25,9/1/19,Matte Alligator,49000,CAD
Birkin 25,9/25/19,Ostrich,13000,EUR
Birkin 25,10/15/19,Shiny Porosus Croc,42000,USD
Birkin 25,12/16/19,Lizard,17300,USD
Birkin 25,12/23/19,Swift,6760,GBP
Birkin 30,1/5/19,Ostrich,20900,USD
Birkin 30,1/8/19,Togo,7510,GBP
Birkin 30,1/11/19,Togo,7550,EUR
Birkin 30,1/12/19,Togo,15800,SGD
Birkin 30,1/15/19,Evercalf,11900,USD
Birkin 30,1/15/19,Togo,16325,AUD
Birkin 30,1/20/19,Epsom,10800,USD
Birkin 30,2/27/19,Barenia Faubourg Ghw,8450,EUR
Birkin 30,1/26/19,Clemence,10900,USD
Birkin 30,2/6/19,Togo Rghw,10900,USD
Birkin 30,3/11/19,Box,9150,EUR
Birkin 30,3/25/19,Barenia Faubourg Ghw,12200,USD
Birkin 30,3/26/19,Veau Jonathan,7600,EUR
Birkin 30,4/18/19,Ostrich,15700,EUR
Birkin 30,4/29/19,Veau Fauve Barenia Ghw,8850,EUR
Birkin 30,5/13/19,Togo,9250,USD
Birkin 30,5/13/19,Chevre,9400,CHF
Birkin 30,5/20/19,Togo,10900,USD
Birkin 30,5/23/19,Epsom,7500,EUR
Birkin 30,5/25/19,Togo,12700,CAD
Birkin 30,6/14/19,Novillo,11000,USD
Birkin 30,6/15/19,Matte Alligator Verso,47800,USD
Birkin 30,7/15/19,Shiny Nilo Croc,47800,USD
Birkin 30,7/17/19,Shiny Porosus Croc,40260,GBP
Birkin 30,7/28/19,Togo Rghw,9250,CHF
Birkin 30,8/1/19,Chèvre,11400,USD
Birkin 30,8/7/19,Box,13200,USD
Birkin 30,9/10/19,Chevre So,11400,USD
Birkin 30,12/18/19,Sellier Veau Madam,9150,EUR
Birkin 35,1/15/19,Togo,8600,EUR
Birkin 35,1/25/19,Togo,10250,CHF
Birkin 35,3/28/19,Barenia,13300,USD
Birkin 35,3/30/19,Novillo,12200,USD
Birkin 35,7/15/19,Sea-Surf Canvas Lining,12400,USD
Birkin 35,11/16/19,Barenia Faubourg,13600,USD
Birkin 40,10/15/19,Togo,9050,EUR
HAC 40,3/28/19,Barenia And Felt Retourne,13600,USD
Constance 18,1/1/19,Ostrich,15100,USD
Constance 18,1/11/19,Croc,20500,EUR
Constance 18,2/1/19,Box,6500,EUR
Constance 18,2/10/19,Epsom,7800,USD
Constance 18,2/13/19,Evercolor,8200,USD
Constance 18,2/14/19,Epsom,5400,EUR
Constance 18,2/16/19,Alligator,29300,USD
Constance 18,2/21/19,Evercolor,9450,CAD
Constance 18,3/30/19,Swift,5750,EUR
Constance 18,4/5/19,Swift,8300,USD
Constance 18,5/13/19,Box,9350,USD
Constance 18,6/15/19,Ostrich,15200,USD
Constance 18,6/26/19,Monsieur,5850,EUR
Constance 18,8/10/19,Ostrich Eu,10800,EUR
Constance 18,9/14/19,Epsom With Enamel Buckle,8450,USD
Constance 18,10/12/19,Epsom,8950,CAD
Constance 18,10/24/19,Veau Tadelakt,8450,USD
Constance 18,10/16/19,Doblis,9500,USD
Constance 18,11/9/19,Monsieur,8450,USD
Constance 24,1/5/19,Epsom,9750,USD
Constance 24,1/8/19,Epsom,6960,GBP
Constance 24,1/22/19,Ostrich,18700,USD
Constance 24,2/10/19,Evercolor,11100,USD
Constance 24,2/23/19,Epsom,10300,USD
Constance 24,2/27/19,Epsom,7150,EUR
Constance 24,4/3/19,Matte Alligator,32800,USD
Constance 24,4/20/19,Ostrich,13500,EUR
Constance 24,5/4/19,Evercolor,7900,EUR
Constance 24,5/13/19,Ostrich,19400,USD
Constance 24,6/28/19,Ombre,23900,EUR
Constance 24,7/1/19,Veau Monsieur Enamel Clasp,7900,EUR
Constance 24,7/15/19,Shiny Alligator,32800,USD
Constance 24,7/21/19,Ostrich Hkd,186000,HKD
Constance 24,8/7/19,Espom Gbp,6960,GBP
Constance 24,8/10/19,Evercolor,7700,EUR
Constance 24,10/22/19,Epsom,7150,EUR
Lindy 26,1/1/19,Swift With Epsom Tressage Strap,8000,USD
Lindy 26,1/17/19,Swift Verso,8000,USD
Lindy 26,1/17/19,Clemence,7100,USD
Lindy 26,1/17/19,Touch Gator,9500,USD
Lindy 26,2/4/19,Clemence,7550,USD
Lindy 26,2/4/19,Swift With Epsom Tressage Strap,8500,USD
Lindy 26,2/7/19,Clemence,8400,CAD
Lindy 26,4/11/19,Swift Verso,5500,EUR
Lindy 26,7/15/19,Tressage,8500,USD
Lindy 26,7/15/19,Matte Supple Crocodile,33300,USD
Lindy 30,1/1/19,Clemence,7800,USD
Lindy 30,1/1/19,Swift,7850,USD
Lindy 30,1/8/19,Evercolor,5900,EUR
Lindy 30,2/3/19,Matte Alligator,37200,USD
Lindy 30,2/4/19,Clemence,8200,USD
Lindy 30,2/4/19,Swift,8550,USD
Lindy 30,2/3/19,Matte Alligator,41500,USD
Lindy 30,2/4/19,Swift And Epsom Strap,6320,GBP
Lindy 30,4/20/19,Evercolor,7250,CHF
Lindy 30,4/20/19,Swift,7800,CHF
Lindy 30,4/20/19,Clemence,7000,CHF
Lindy 30,5/12/19,Evercolor Usd,8500,USD
Lindy 30,5/23/19,Clemence,8200,USD
Lindy 30,5/23/19,Swift,8550,USD
Lindy 30,7/15/19,Tressage,9150,USD
Lindy 30,7/21/19,Matte Gator,26800,EUR
Lindy 30,7/21/19,Matter Gator,332600,HKD
Lindy 34,1/1/19,Clemence,6050,EUR
Lindy 34,1/1/19,Clemence,8250,USD
Lindy 34,2/4/19,Clemence,8700,USD
Lindy 34,3/30/19,Swift,8700,USD
Lindy 34,4/20/19,Clemence,7400,CHF
Evelyne 16,1/3/19,Clemence,1250,EUR
Evelyne 16,1/3/19,Clemence,1250,GBP
Evelyne 16,2/4/19,Clemence,1800,USD
Evelyne 29,1/1/19,Clemence,2300,EUR
Evelyne 29,1/2/19,Clemence,2340,GBP
Evelyne 29,1/2/19,Clemence,2900,CHF
Evelyne 29,1/16/19,Maurice,3375,CAD
Evelyne 29,1/22/19,Clemence,3375,USD
Evelyne 29,1/22/19,Clemence,3775,CAD
Evelyne 29,1/22/19,Maurice,3850,CAD
Evelyne 29,2/2/19,Clemence,2350,EUR
Evelyne 29,2/4/19,Clemence,3375,USD
Evelyne 29,5/23/19,Clemence,3375,USD
Evelyne 33,1/22/19,Clemence,3750,USD
Evelyne 33,1/22/19,Clemence,4200,CAD
Evelyne 33,1/22/19,Maurice,4275,USD
Evelyne 33,2/4/19,Clemence,3825,USD
Evelyne 33,3/25/19,Clemence,2600,EUR
Evelyne 33,3/30/19,Maurice,3825,USD
Evelyne 33,3/30/19,Clemence,3750,USD
Evelyne 40,6/12/19,Clemence,4500,USD
Evelyne 29,1/1/19,Sellier Epsom,3100,EUR
Evelyne 29,1/1/19,Sellier Epsom,3090,GBP
Evelyne 29,1/22/19,Sellier Epsom,5050,CAD
Evelyne 29,1/22/19,Sellier Hunter Cowhide,4825,USD
Evelyne 29,2/4/19,Sellier Hunter,4750,USD
Evelyne 33,1/1/19,Sellier Epsom,3350,EUR
Evelyne 33,1/1/19,Sellier Epsom,3330,GBP
Evelyne 33,1/22/19,Sellier Epsom,5450,CAD
Evelyne 33,1/22/19,Sellier Hunter Cowhide,5350,USD
Evelyne 33,2/4/19,Sellier Hunter,6000,USD
Evelyne 33,6/12/19,Sellier Hunter,6000,USD